word,quantity,day
на,824,1
в,741,1
и,521,1
ли,473,1
есть,448,1
кто,436,1
с,375,1
по,375,1
привет,339,1
как,332,1
всем,270,1
у,259,1
подскажите,194,1
если,188,1
можно,185,1
пожалуйста,170,1
не,164,1
что,160,1
может,134,1
или,124,1
из,116,1
анон,109,1
для,97,1
здравствуйте,86,1
кого,82,1
за,79,1
направление,76,1
а,73,1
ктото,70,1
про,70,1
ктонибудь,69,1
добрый,69,1
к,67,1
день,64,1
расскажите,62,1
сколько,61,1
какие,61,1
учится,61,1
ребят,60,1
я,58,1
то,57,1
будет,56,1
хочу,56,1
технологии,56,1
проходит,55,1
знает,55,1
помочь,54,1
поступать,53,1
вопрос,53,1
тут,53,1
те,53,1
курса,53,1
после,52,1
где,51,1
академ,51,1
это,50,1
курс,49,1
когда,49,1
рассказать,49,1
вас,49,1
бы,48,1
можете,47,1
о,47,1
курсе,47,1
поступить,46,1
этом,46,1
экзамен,45,1
ребята,43,1
вам,42,1
обучение,42,1
проходят,42,1
возможно,41,1
бюджет,41,1
узнать,41,1
доброго,41,1
стоит,40,1
политехе,40,1
году,39,1
перевестись,39,1
обучения,39,1
получить,38,1
вы,38,1
которые,37,1
вообще,37,1
вступительные,37,1
вуза,36,1
политех,36,1
направления,35,1
меня,35,1
уже,35,1
могут,34,1
информационные,33,1
вузе,33,1
времени,33,1
но,33,1
учиться,33,1
там,33,1
сложно,33,1
дизайн,32,1
общежитие,32,1
же,32,1
общаге,31,1
при,31,1
магистратуру,31,1
общественностью,31,1
другого,30,1
от,30,1
сейчас,30,1
все,29,1
общагу,29,1
до,28,1
анонимно,28,1
группы,28,1
только,28,1
был,28,1
системы,28,1
нибудь,27,1
физре,27,1
время,27,1
направлении,27,1
связи,27,1
чтобы,27,1
специальности,26,1
факультет,25,1
дела,25,1
вуз,25,1
реально,25,1
суток,25,1
поступаю,25,1
управление,25,1
магистратуре,24,1
поступил,24,1
закрыть,23,1
нет,23,1
беседа,23,1
взять,23,1
скажите,23,1
какой,23,1
об,23,1
принимает,23,1
поводу,22,1
пары,22,1
общаги,22,1
лучше,22,1
каких,22,1
управления,21,1
вопросы,21,1
нас,21,1
общежитии,21,1
пд,21,1
сессии,21,1
люди,21,1
без,20,1
насколько,20,1
во,20,1
обычно,20,1
семестр,20,1
нужно,20,1
диплома,20,1
планирую,20,1
баллов,20,1
экзамены,20,1
расписание,19,1
дело,19,1
направлению,19,1
первого,19,1
их,19,1
хотелось,19,1
такой,19,1
общежития,19,1
сдавал,19,1
делать,18,1
заочке,18,1
возможность,18,1
пересдачи,18,1
какое,18,1
сдать,18,1
семестра,18,1
кому,18,1
каком,18,1
здесь,18,1
так,18,1
тебя,17,1
стипендию,17,1
факультета,17,1
диплом,16,1
учатся,16,1
другое,16,1
этот,16,1
переводился,16,1
подсказать,16,1
перевода,16,1
ты,16,1
сентября,15,1
студентов,15,1
со,15,1
приветствую,15,1
год,15,1
специальность,15,1
очно,15,1
когото,15,1
занятия,15,1
всего,15,1
пересдача,15,1
университете,15,1
реклама,15,1
сделать,15,1
дают,15,1
куда,15,1
рекламу,14,1
этой,14,1
место,14,1
всех,14,1
опыт,14,1
вопросов,14,1
политеха,14,1
года,14,1
хотела,14,1
сюда,14,1
рассматриваю,14,1
выбрать,14,1
были,14,1
предмету,14,1
другой,14,1
обстоят,13,1
будут,13,1
почему,13,1
физру,13,1
первом,13,1
причине,13,1
когонибудь,13,1
пж,13,1
дня,13,1
учебу,13,1
документы,13,1
технологий,13,1
информатика,13,1
сказать,13,1
найти,13,1
пройти,13,1
информационных,13,1
могу,13,1
семестре,13,1
истории,13,1
сайте,12,1
уйти,12,1
тех,12,1
дистанционно,12,1
заявление,12,1
думаю,12,1
обучении,12,1
перевод,12,1
второй,12,1
места,12,1
работать,12,1
производства,12,1
оно,12,1
никто,12,1
студенты,12,1
быть,12,1
была,12,1
правда,12,1
очень,11,1
графический,11,1
какая,11,1
бизнесом,11,1
пересдачу,11,1
работы,11,1
она,11,1
раз,11,1
они,11,1
мест,11,1
академа,11,1
надо,11,1
направлениях,11,1
этого,11,1
происходит,11,1
форме,11,1
один,11,1
целом,11,1
хотел,11,1
безопасность,11,1
баллы,11,1
дадут,11,1
поможет,11,1
поступал,11,1
вариант,11,1
лекции,11,1
написать,10,1
переводиться,10,1
повышенной,10,1
комфортности,10,1
того,10,1
одного,10,1
лабы,10,1
много,10,1
рекламы,10,1
заочку,10,1
первокурсников,10,1
онлайн,10,1
ещ,10,1
магистратуры,10,1
индустрии,10,1
корпусе,10,1
сессия,10,1
очнозаочное,10,1
он,10,1
баллами,10,1
собираюсь,10,1
именно,10,1
факультете,10,1
через,10,1
компьютерной,10,1
экзаменов,10,1
комиссии,9,1
группа,9,1
заочное,9,1
другую,9,1
инженерия,9,1
было,9,1
между,9,1
поделиться,9,1
часто,9,1
чтото,9,1
интеллектуальные,9,1
мне,9,1
какието,9,1
шансы,9,1
справку,9,1
поступления,9,1
корпусах,9,1
прикладная,9,1
своих,9,1
больше,9,1
комнате,9,1
стипендия,9,1
спросить,9,1
брать,9,1
математике,9,1
игровой,9,1
испытания,9,1
обеспечение,9,1
работает,9,1
преподавателей,9,1
получения,9,1
недели,9,1
ходить,9,1
да,9,1
договориться,9,1
зачет,9,1
универе,9,1
социальную,8,1
пересдач,8,1
издательское,8,1
друзья,8,1
мультимедиа,8,1
вступительным,8,1
университета,8,1
такое,8,1
преподы,8,1
очнозаочной,8,1
очное,8,1
ивт,8,1
проекта,8,1
учился,8,1
программная,8,1
попасть,8,1
обработки,8,1
комнаты,8,1
сразу,8,1
снимать,8,1
месяц,8,1
поступивших,8,1
подать,8,1
тем,8,1
систем,8,1
направлений,8,1
основном,8,1
еще,8,1
предметы,8,1
вебтехнологии,8,1
товарищи,8,1
студентам,8,1
безопасности,8,1
учба,8,1
данные,8,1
вступительных,8,1
совмещать,8,1
практику,8,1
данном,8,1
сдавать,8,1
дизайне,8,1
программное,8,1
кем,8,1
курсовую,8,1
комиссия,8,1
втором,8,1
разница,8,1
шарит,8,1
находил,8,1
вс,8,1
посмотреть,7,1
людей,7,1
вузов,7,1
предметов,7,1
предмет,7,1
пару,7,1
долгов,7,1
системная,7,1
несколько,7,1
материалов,7,1
выйти,7,1
примерно,7,1
заселение,7,1
пересдать,7,1
красного,7,1
какого,7,1
справки,7,1
строительство,7,1
буду,7,1
издательского,7,1
данный,7,1
рекламе,7,1
отпуск,7,1
номер,7,1
эту,7,1
экономика,7,1
прошлом,7,1
информационной,7,1
них,7,1
срочно,7,1
ее,7,1
какую,7,1
колледжа,7,1
данных,7,1
практика,7,1
ваш,7,1
егэ,7,1
потом,7,1
программы,7,1
институте,7,1
сдал,7,1
этих,7,1
магистры,7,1
теперь,7,1
оценки,7,1
интересует,7,1
брал,7,1
обратиться,7,1
препод,7,1
университет,7,1
народ,7,1
чем,7,1
клуб,7,1
пк,7,1
комиссию,7,1
курсы,7,1
форма,6,1
менеджмент,6,1
бакалавриат,6,1
под,6,1
вечер,6,1
графика,6,1
себе,6,1
посвят,6,1
поступает,6,1
отчислили,6,1
такая,6,1
разницы,6,1
спортивные,6,1
пар,6,1
студенческий,6,1
неделю,6,1
го,6,1
заочно,6,1
задать,6,1
программе,6,1
вероятность,6,1
течение,6,1
шанс,6,1
на,780,2
в,742,2
и,563,2
кто,504,2
есть,450,2
с,388,2
ли,358,2
по,345,2
как,330,2
привет,295,2
у,257,2
всем,244,2
не,182,2
что,165,2
может,154,2
из,144,2
можно,144,2
или,138,2
пожалуйста,114,2
если,112,2
подскажите,109,2
для,92,2
здравствуйте,86,2
за,85,2
я,85,2
а,85,2
ребят,83,2
помочь,78,2
к,78,2
анон,74,2
ктонибудь,70,2
курс,67,2
о,66,2
учится,63,2
тут,62,2
расскажите,61,2
политехе,61,2
кого,60,2
ребята,60,2
поступать,58,2
добрый,58,2
экзамен,56,2
вопрос,55,2
день,55,2
ктото,54,2
знает,52,2
будет,52,2
вы,52,2
рассказать,52,2
после,51,2
проходит,51,2
где,51,2
технологии,49,2
про,49,2
бы,48,2
но,48,2
какие,45,2
уже,45,2
можете,44,2
перевестись,43,2
принимает,42,2
когда,42,2
это,42,2
направление,42,2
поступить,41,2
вас,41,2
курсе,40,2
хочу,39,2
вам,39,2
обучения,39,2
этом,39,2
политех,39,2
группы,39,2
при,38,2
вообще,37,2
которые,37,2
те,37,2
информационные,36,2
узнать,36,2
то,36,2
году,35,2
люди,35,2
со,34,2
нибудь,34,2
общаги,34,2
от,33,2
бюджет,33,2
учиться,32,2
направления,32,2
сколько,32,2
системы,31,2
нужно,31,2
меня,31,2
общагу,31,2
реально,30,2
общаге,30,2
вуз,30,2
здесь,30,2
вуза,30,2
беседа,30,2
какой,29,2
политеха,29,2
академ,28,2
пд,28,2
лучше,28,2
курса,27,2
был,27,2
нет,26,2
получить,26,2
анонимно,26,2
чтобы,26,2
сложно,25,2
баллов,25,2
мне,25,2
направлении,25,2
общежитие,25,2
другого,24,2
там,24,2
доброго,23,2
дизайн,23,2
время,23,2
без,23,2
стоит,23,2
такой,23,2
обучение,23,2
делать,22,2
времени,22,2
все,22,2
вузе,22,2
связи,22,2
студенты,22,2
насколько,22,2
больше,22,2
дело,21,2
куда,21,2
сдавал,21,2
скажите,21,2
поступил,21,2
экзамены,20,2
планирую,20,2
его,20,2
первом,20,2
опыт,20,2
сейчас,20,2
дела,20,2
только,20,2
так,20,2
общественностью,20,2
магистратуры,20,2
хотелось,20,2
народ,20,2
выбрать,20,2
сессии,19,2
год,19,2
сделать,19,2
когонибудь,19,2
какое,19,2
ты,19,2
общежития,19,2
изза,18,2
суток,18,2
заявление,18,2
будут,18,2
факультет,18,2
сдать,18,2
приветствую,18,2
всего,18,2
шарит,18,2
кому,17,2
каком,17,2
об,17,2
специальности,17,2
второй,17,2
семестр,17,2
вступительных,17,2
еще,17,2
этого,17,2
систем,17,2
сдавать,17,2
общага,17,2
до,16,2
проходят,16,2
никто,16,2
егэ,16,2
могут,16,2
студентов,16,2
учатся,16,2
ни,16,2
перевода,16,2
издательское,16,2
вс,15,2
зачет,15,2
возможно,15,2
пересдача,15,2
какая,15,2
нас,15,2
ещ,15,2
они,15,2
комнату,15,2
сайте,15,2
могу,14,2
он,14,2
поводу,14,2
физре,14,2
один,14,2
магистратуру,14,2
подсказать,14,2
вот,14,2
хотел,14,2
предмету,14,2
семестра,14,2
пересдачу,14,2
почему,14,2
хотя,14,2
быть,14,2
мест,14,2
года,14,2
вступительные,13,2
пары,13,2
сможет,13,2
когото,13,2
него,13,2
ваш,13,2
находил,13,2
информатика,13,2
управления,13,2
комнаты,13,2
чем,13,2
какую,13,2
вопросов,12,2
прошлом,12,2
найти,12,2
управление,12,2
возможность,12,2
пересдачи,12,2
специальность,12,2
рассматриваю,12,2
закрыть,12,2
лабы,12,2
факультета,12,2
обработки,12,2
московский,12,2
дизайне,12,2
всех,12,2
вопросы,12,2
сюда,12,2
просто,12,2
этот,12,2
который,12,2
другую,12,2
безопасность,12,2
тд,11,2
диплом,11,2
корпусе,11,2
физике,11,2
направлению,11,2
каким,11,2
во,11,2
академа,11,2
программирования,11,2
хорошо,11,2
дизайна,11,2
расписание,11,2
же,11,2
собираюсь,11,2
много,11,2
дистанционно,11,2
группу,11,2
очень,11,2
переводился,11,2
холодильник,11,2
их,11,2
баллами,11,2
взять,10,2
поделиться,10,2
графический,10,2
поступления,10,2
вариант,10,2
связаться,10,2
предметов,10,2
через,10,2
место,10,2
обстоят,10,2
колледжа,10,2
предмет,10,2
да,10,2
какого,10,2
числа,10,2
другой,10,2
программное,10,2
обеспечение,10,2
рекламе,10,2
фит,10,2
пряниках,10,2
сессия,10,2
зачт,10,2
общежитии,10,2
сессию,10,2
было,10,2
думаю,10,2
реклама,10,2
надо,10,2
ну,10,2
них,10,2
тем,10,2
документы,10,2
посмотреть,10,2
ответы,10,2
раз,10,2
целом,9,2
дней,9,2
каких,9,2
работы,9,2
работу,9,2
справку,9,2
университете,9,2
прикладная,9,2
производства,9,2
помощь,9,2
она,9,2
компьютерной,9,2
учусь,9,2
происходит,9,2
дают,9,2
учебу,9,2
сегодня,9,2
интересно,9,2
сказать,9,2
эти,9,2
поступал,9,2
первый,9,2
друзья,9,2
том,9,2
го,9,2
машиностроения,9,2
проекта,9,2
проект,9,2
информационных,9,2
вебтехнологии,9,2
клуб,9,2
остались,9,2
технологий,9,2
несколько,9,2
чат,9,2
преподы,8,2
работает,8,2
автозаводской,8,2
мультимедиа,8,2
магистратуре,8,2
писал,8,2
человек,8,2
учебе,8,2
первого,8,2
нашем,8,2
срочно,8,2
шанс,8,2
подать,8,2
комиссии,8,2
игровой,8,2
индустрии,8,2
математику,8,2
другое,8,2
стипендия,8,2
того,8,2
ходить,8,2
ней,8,2
технических,8,2
курсов,8,2
автазе,8,2
получил,8,2
отчислении,8,2
кем,8,2
тоже,8,2
связь,8,2
справки,8,2
перевожусь,8,2
веб,8,2
пройти,8,2
норм,8,2
хотела,8,2
онлайн,8,2
примеры,8,2
графики,8,2
были,8,2
мы,8,2
математике,8,2
группа,8,2
медиаиндустрии,8,2
большой,7,2
информации,7,2
семестре,7,2
николаевич,7,2
между,7,2
както,7,2
внутри,7,2
математика,7,2
обычно,7,2
тех,7,2
результаты,7,2
диплома,7,2
тебя,7,2
какието,7,2
сразу,7,2
такое,7,2
хотят,7,2
варианты,7,2
поможет,7,2
переводиться,7,2
рекламы,7,2
шансы,7,2
пересдаче,7,2
одного,7,2
упаковочного,7,2
знаете,7,2
спортивные,7,2
учился,7,2
учат,7,2
факультете,7,2
практики,7,2
официально,7,2
жить,7,2
комнате,7,2
учеба,7,2
заочке,7,2
места,7,2
требуют,7,2
лет,7,2
среди,7,2
формате,7,2
информационной,7,2
пойти,7,2
самое,7,2
пк,7,2
предметам,7,2
исит,7,2
переводе,7,2
этих,7,2
написать,7,2
играет,7,2
комфортности,7,2
учба,7,2
подавать,7,2
истории,7,2
платки,7,2
автоматизированных,7,2
бизнесом,7,2
продат,7,2
диаспора,7,2
заочное,7,2
сентября,7,2
потом,7,2
рекламу,7,2
уйти,6,2
разницу,6,2
отпуск,6,2
млта,6,2
набебина,6,2
работ,6,2
пару,6,2
учебы,6,2
чтото,6,2
брал,6,2
аспирантуру,6,2
математики,6,2
имея,6,2
легко,6,2
летом,6,2
язык,6,2
поступлении,6,2
данном,6,2
примерно,6,2
момент,6,2
работе,6,2
пж,6,2
экзамена,6,2
стало,6,2
буду,6,2
русскому,6,2
каждый,6,2
данных,6,2
системах,6,2
попасть,6,2
деятельности,6,2
техника,6,2
ждать,6,2
чего,6,2
набор,6,2
ходил,6,2
месяца,6,2
задать,6,2
форму,6,2
перевод,6,2
основы,6,2
баллы,6,2
спокойно,6,2
рассматривают,6,2
жизнь,6,2
своей,6,2
господа,6,2
мпу,6,2
пар,6,2
первой,6,2
физру,6,2
дорогие,6,2
it,6,2
заочники,6,2
издательского,6,2
более,6,2
че,6,2
универе,6,2
данный,6,2
хочет,6,2
беседу,6,2
сильно,6,2
поступивших,6,2
вопросом,6,2
одной,6,2
стипендию,6,2
смысл,6,2
весь,6,2
приказы,6,2
корпус,6,2
потому,6,2
информатику,6,2
тест,6,2
граф,6,2
средства,6,2
московского,6,2
лк,6,2
повышенной,6,2
билеты,6,2
большие,6,2
очно,6,2
интересует,6,2
подал,6,2
сапр,6,2
попал,6,2
теории,5,2
отчисляют,5,2
испытания,5,2
word,quantity,3
в,820,3
на,707,3
и,475,3
ли,443,3
есть,442,3
как,375,3
кто,372,3
с,352,3
по,299,3
привет,263,3
у,255,3
всем,213,3
что,207,3
можно,202,3
не,190,3
если,178,3
или,144,3
пожалуйста,144,3
подскажите,143,3
из,117,3
может,100,3
к,98,3
а,95,3
за,93,3
для,91,3
здравствуйте,89,3
я,87,3
ребят,80,3
ктонибудь,76,3
анон,74,3
вузе,65,3
курс,64,3
где,64,3
какие,64,3
о,63,3
будет,63,3
вопрос,63,3
общежитие,63,3
кого,62,3
день,62,3
расскажите,61,3
про,61,3
добрый,59,3
общагу,59,3
экзамен,59,3
принимает,56,3
сколько,55,3
после,55,3
поступать,53,3
тут,52,3
вам,52,3
когда,51,3
то,51,3
получить,46,3
бы,46,3
знает,45,3
ребята,45,3
курса,45,3
рассказать,44,3
курсе,44,3
это,44,3
но,44,3
учиться,43,3
поступить,43,3
от,42,3
бюджет,41,3
этом,41,3
вас,41,3
дела,41,3
хочу,41,3
можете,40,3
вуза,40,3
направление,40,3
направления,40,3
академ,39,3
времени,39,3
узнать,39,3
году,38,3
стоит,38,3
перевестись,38,3
учится,38,3
общаге,37,3
меня,37,3
какой,36,3
ктото,36,3
сейчас,36,3
при,35,3
чтобы,33,3
доброго,33,3
так,33,3
там,33,3
все,33,3
вуз,32,3
лучше,32,3
проходит,32,3
политехе,32,3
обучение,32,3
технологии,31,3
скажите,31,3
нужно,31,3
общежитии,31,3
анонимно,31,3
вы,31,3
которые,31,3
общежития,31,3
вообще,31,3
помочь,30,3
нет,30,3
делать,30,3
общага,30,3
люди,28,3
общаги,28,3
уже,28,3
нас,28,3
нибудь,28,3
направлении,28,3
время,27,3
обстоят,27,3
ты,26,3
какое,26,3
могут,26,3
сложно,25,3
со,25,3
политех,25,3
суток,25,3
группы,24,3
обучения,23,3
факультет,23,3
студенты,23,3
магистратуру,22,3
мне,22,3
универе,22,3
какая,22,3
дело,22,3
было,21,3
когонибудь,21,3
возможно,21,3
такой,21,3
сдавал,21,3
системы,21,3
во,21,3
специальности,20,3
работу,20,3
пд,20,3
был,20,3
только,20,3
работы,20,3
насколько,20,3
какую,19,3
выбрать,19,3
студентов,19,3
здесь,19,3
до,19,3
куда,18,3
быть,18,3
сессии,18,3
сессию,18,3
работать,18,3
стипендия,18,3
много,18,3
ещ,18,3
политеха,18,3
те,18,3
сдать,17,3
каком,17,3
могу,17,3
об,17,3
занятия,17,3
заявление,17,3
первого,17,3
другого,17,3
мы,17,3
найти,17,3
информационные,17,3
семестр,17,3
университете,17,3
будут,17,3
комната,17,3
мест,17,3
диплом,16,3
пересдачу,16,3
возможность,16,3
всех,16,3
семестра,16,3
этого,16,3
взять,16,3
проходят,16,3
года,15,3
реально,15,3
лабы,15,3
дизайн,15,3
сделать,15,3
другой,15,3
без,15,3
справку,15,3
каких,15,3
собираюсь,15,3
хотел,15,3
хотелось,15,3
какого,15,3
поступил,15,3
первом,14,3
немного,14,3
факультете,14,3
сессия,14,3
расписание,14,3
хочешь,14,3
помощь,14,3
она,14,3
экзамены,14,3
секция,14,3
отлично,14,3
стипендию,14,3
безопасность,14,3
место,13,3
специальность,13,3
магистратуре,13,3
почему,13,3
же,13,3
строительство,13,3
перевода,13,3
господа,13,3
учебу,13,3
были,13,3
такая,13,3
шансы,13,3
издательское,13,3
дают,13,3
вопросы,13,3
шарит,13,3
год,13,3
народ,13,3
очень,13,3
сказать,13,3
надо,13,3
баллами,13,3
б,13,3
пересдачи,12,3
попасть,12,3
шанс,12,3
такое,12,3
поступления,12,3
физре,12,3
интересует,12,3
компьютерной,12,3
нужна,12,3
опыт,12,3
идти,12,3
была,12,3
дистанционно,12,3
вступительные,12,3
вебтехнологии,12,3
баллов,12,3
данные,12,3
поступаю,12,3
вашем,11,3
его,11,3
ни,11,3
экзамене,11,3
сдавать,11,3
первый,11,3
ваш,11,3
он,11,3
учатся,11,3
технологий,11,3
именно,11,3
пройти,11,3
математике,11,3
планирую,11,3
зачт,11,3
графики,11,3
одной,11,3
между,11,3
целом,11,3
этот,11,3
дня,11,3
вшэ,11,3
поводу,11,3
том,11,3
кому,11,3
информатика,11,3
большие,11,3
систем,10,3
который,10,3
какието,10,3
другое,10,3
изза,10,3
стипендии,10,3
пары,10,3
через,10,3
тех,10,3
интересно,10,3
дизайне,10,3
один,10,3
комнате,10,3
другую,10,3
просто,10,3
да,10,3
вступительных,10,3
факультета,10,3
информационных,10,3
вечер,10,3
комиссии,10,3
программирования,10,3
правда,9,3
зачет,9,3
подсказать,9,3
графический,9,3
думаю,9,3
еще,9,3
приветствую,9,3
всего,9,3
поступал,9,3
переводился,9,3
курсы,9,3
того,9,3
летом,9,3
чем,9,3
хотела,9,3
комнату,9,3
когото,9,3
машиностроения,9,3
месяца,9,3
общественностью,9,3
тест,9,3
обеспечение,9,3
справки,9,3
комнаты,9,3
е,9,3
холодильник,9,3
такие,9,3
деятельность,9,3
других,9,3
буду,9,3
открытые,9,3
отчислили,8,3
уйти,8,3
предмет,8,3
написать,8,3
закрыть,8,3
физру,8,3
долги,8,3
диплома,8,3
отпуск,8,3
предмету,8,3
помогите,8,3
студент,8,3
связи,8,3
никто,8,3
сюда,8,3
вот,8,3
учебе,8,3
остались,8,3
семестре,8,3
прошлом,8,3
обычно,8,3
они,8,3
сразу,8,3
веб,8,3
раз,8,3
биотехнологии,8,3
программное,8,3
игровой,8,3
индустрии,8,3
математика,8,3
жить,8,3
подать,8,3
заселиться,8,3
туда,8,3
очно,8,3
тем,8,3
ситуация,8,3
подавать,8,3
издательского,8,3
сильно,8,3
происходит,8,3
kтo,8,3
беседа,8,3
журналистики,8,3
людей,8,3
человек,7,3
брать,7,3
переводе,7,3
второго,7,3
управления,7,3
практику,7,3
баллы,7,3
задания,7,3
разработка,7,3
отчисления,7,3
какиенибудь,7,3
безопасности,7,3
пропуск,7,3
получать,7,3
вступительным,7,3
средства,7,3
причины,7,3
практика,7,3
окончания,7,3
больше,7,3
тебя,7,3
экзаменов,7,3
дадут,7,3
рассматриваю,7,3
чтоб,7,3
графике,7,3
вс,7,3
разницу,7,3
которых,7,3
тмм,7,3
универа,7,3
пересдача,7,3
клуб,7,3
данных,7,3
нужны,7,3
истории,7,3
документы,7,3
тоже,7,3
учился,7,3
поделитесь,7,3
сам,7,3
студентам,7,3
ней,7,3
участие,7,3
регистрация,7,3
вузов,7,3
нашем,7,3
автозаводской,7,3
заочку,7,3
егэ,7,3
момент,7,3
пoмoчь,7,3
московский,7,3
бюджетных,7,3
it,7,3
управление,6,3
посоветуете,6,3
график,6,3
проектирование,6,3
сдал,6,3
себе,6,3
вкр,6,3
лет,6,3
хочет,6,3
делал,6,3
переводиться,6,3
второй,6,3
сентября,6,3
месяц,6,3
получил,6,3
информационной,6,3
отчисляют,6,3
ходить,6,3
ну,6,3
процесс,6,3
госы,6,3
брал,6,3
каким,6,3
два,6,3
дней,6,3
программа,6,3
самое,6,3
втором,6,3
него,6,3
университета,6,3
работает,6,3
программе,6,3
команда,6,3
свой,6,3
человека,6,3
подробнее,6,3
препод,6,3
материалов,6,3
лекции,6,3
гдето,6,3
практики,6,3
срочно,6,3
потом,6,3
учишься,6,3
вопросов,6,3
тд,6,3
платят,6,3
товарищи,6,3
пару,6,3
балл,6,3
количество,6,3
курсов,6,3
рекламы,6,3
поменять,6,3
зал,6,3
студентом,6,3
поэтому,6,3
занимается,6,3
универ,6,3
обязательно,6,3
переселиться,6,3
группу,6,3
друзья,6,3
теперь,6,3
поступление,6,3
магу,6,3
мероприятие,6,3
парке,6,3
аттракционов,6,3
бжд,6,3
писать,6,3
корпус,6,3
русскому,6,3
мультимедиа,6,3
этой,6,3
программу,6,3
купить,6,3
получается,6,3
заочке,6,3
одного,6,3
продат,6,3
корпусе,6,3
насчт,6,3
основы,6,3
совмещать,6,3
сдачи,6,3
преподаватели,6,3
нужен,6,3
информационная,6,3
института,6,3
числа,6,3
пo,6,3
в,836,4
на,670,4
и,465,4
ли,449,4
есть,394,4
кто,381,4
как,359,4
с,327,4
по,302,4
привет,255,4
у,224,4
не,211,4
всем,207,4
можно,199,4
если,173,4
что,163,4
подскажите,158,4
или,149,4
пожалуйста,141,4
может,140,4
за,125,4
ктонибудь,117,4
ребят,110,4
а,110,4
к,97,4
из,92,4
для,85,4
день,80,4
когда,79,4
добрый,79,4
этом,78,4
здравствуйте,75,4
будет,75,4
о,74,4
знает,72,4
я,70,4
вам,69,4
анон,65,4
вопрос,65,4
вузе,62,4
где,60,4
тут,60,4
кого,58,4
году,58,4
помочь,55,4
расскажите,55,4
получить,54,4
поступать,54,4
сколько,53,4
курсе,53,4
вообще,53,4
после,52,4
сейчас,51,4
рассказать,51,4
принимает,51,4
про,50,4
ктото,48,4
уже,48,4
ребята,47,4
перевестись,47,4
скажите,47,4
то,46,4
экзамен,46,4
общежитие,45,4
курс,45,4
нужно,45,4
какие,44,4
это,42,4
учится,42,4
бюджет,41,4
хочу,40,4
все,40,4
анонимно,40,4
общаге,39,4
но,39,4
меня,39,4
при,39,4
помощь,38,4
обучения,38,4
до,38,4
которые,38,4
вас,38,4
нет,37,4
нас,37,4
можете,37,4
поступить,35,4
вуза,35,4
академ,35,4
возможно,35,4
общагу,35,4
общаги,34,4
курса,34,4
года,34,4
магистратуру,34,4
от,33,4
вы,32,4
проходит,31,4
вуз,31,4
семестр,31,4
чтобы,30,4
стоит,30,4
диплом,29,4
какой,29,4
те,29,4
обучение,29,4
учиться,28,4
стипендия,28,4
факультет,28,4
узнать,28,4
время,28,4
сложно,28,4
универе,26,4
общежитии,26,4
нибудь,26,4
бы,26,4
пд,25,4
какого,25,4
дела,25,4
со,25,4
времени,25,4
сдавал,25,4
так,24,4
будут,24,4
документы,24,4
информатике,24,4
кому,23,4
вступительные,23,4
об,23,4
заявление,23,4
учусь,23,4
там,23,4
какая,22,4
найти,22,4
направление,22,4
люди,22,4
группу,22,4
только,22,4
политеха,22,4
сессии,22,4
делать,21,4
происходит,21,4
сдавать,21,4
было,21,4
когонибудь,21,4
специальность,21,4
здесь,21,4
доброго,21,4
могут,20,4
ваш,20,4
специальности,20,4
стипендию,20,4
еще,20,4
поводу,20,4
во,20,4
числа,20,4
политех,20,4
сделать,19,4
работает,19,4
нужна,19,4
суток,19,4
технологии,19,4
общага,19,4
группы,18,4
мы,18,4
место,18,4
мне,18,4
куда,18,4
возможность,18,4
чтото,18,4
направления,18,4
общежития,18,4
сдать,17,4
же,17,4
другого,17,4
дистанционно,17,4
этого,17,4
переводился,17,4
была,17,4
пересдачи,17,4
много,17,4
обстоят,17,4
такой,17,4
этот,17,4
другой,17,4
очень,17,4
почему,16,4
надо,16,4
через,16,4
год,16,4
студенты,16,4
без,16,4
каких,16,4
народ,16,4
лучше,16,4
они,16,4
политехе,16,4
системы,16,4
университета,15,4
сессию,15,4
ты,15,4
забрать,15,4
первый,15,4
поможет,15,4
работы,15,4
какието,15,4
собираюсь,15,4
экзамены,15,4
был,15,4
ещ,15,4
были,15,4
раз,15,4
подать,15,4
связи,15,4
реально,14,4
универ,14,4
магистратуре,14,4
университете,14,4
планирую,14,4
студентов,14,4
никто,14,4
изза,14,4
два,14,4
термех,14,4
другие,14,4
каком,14,4
направлению,14,4
дело,14,4
реклама,14,4
стипендии,14,4
сказать,14,4
какое,14,4
поступлении,14,4
вопросов,14,4
диплома,13,4
взять,13,4
онлайн,13,4
семестра,13,4
другую,13,4
сразу,13,4
обычно,13,4
философии,13,4
справку,13,4
несколько,13,4
нашем,12,4
поступил,12,4
лет,12,4
могу,12,4
отчисляют,12,4
его,12,4
пары,12,4
истории,12,4
физике,12,4
идти,12,4
перевода,12,4
справки,12,4
егэ,12,4
всех,12,4
учебу,12,4
сможет,12,4
направлении,12,4
информационные,12,4
такое,11,4
отчисление,11,4
расписание,11,4
первом,11,4
один,11,4
учебе,11,4
насколько,11,4
первого,11,4
перевод,11,4
мат,11,4
тоже,11,4
оценки,11,4
проходят,11,4
информация,11,4
предмету,11,4
такие,11,4
дизайн,11,4
просто,11,4
проходить,11,4
тем,11,4
справка,11,4
правда,11,4
написать,11,4
семестре,11,4
пересдачу,10,4
получения,10,4
перейти,10,4
одного,10,4
курсы,10,4
универа,10,4
практика,10,4
дают,10,4
ну,10,4
тех,10,4
долгов,10,4
летом,10,4
машин,10,4
экономике,10,4
опыт,10,4
поступления,10,4
факультета,10,4
информатика,10,4
второй,10,4
вступительных,10,4
процесс,10,4
поступал,10,4
холодильник,10,4
предметы,10,4
пару,10,4
квартиру,10,4
проект,10,4
комната,10,4
красный,9,4
него,9,4
пересдать,9,4
сессия,9,4
документов,9,4
дадут,9,4
тебя,9,4
хотелось,9,4
вступительным,9,4
этой,9,4
примерно,9,4
преподавателя,9,4
бакалавриат,9,4
одной,9,4
консультацию,9,4
физика,9,4
химии,9,4
гидравлике,9,4
более,9,4
скидку,9,4
обеспечение,9,4
работу,9,4
университет,9,4
большие,9,4
данные,9,4
магу,9,4
заселиться,9,4
е,9,4
студент,9,4
другом,9,4
сайте,9,4
както,9,4
магистратуры,9,4
заочке,9,4
данный,9,4
среди,9,4
учебный,9,4
управление,9,4
помогите,9,4
когото,9,4
информационных,9,4
общественностью,9,4
приветствую,9,4
подавать,9,4
отчислиться,8,4
срочно,8,4
учился,8,4
каким,8,4
следующем,8,4
больше,8,4
переводиться,8,4
быть,8,4
зачт,8,4
технологий,8,4
сдал,8,4
комиссии,8,4
комунибудь,8,4
который,8,4
бюджете,8,4
экзамена,8,4
преподы,8,4
того,8,4
заочку,8,4
it,8,4
месяц,8,4
электротехнике,8,4
прикладной,8,4
детали,8,4
тмм,8,4
ps,8,4
программное,8,4
индустрии,8,4
желательно,8,4
он,8,4
инфа,8,4
этим,8,4
летней,8,4
сих,8,4
пор,8,4
открытые,8,4
влияет,8,4
подсказать,8,4
хорошо,8,4
разбирается,8,4
том,8,4
плиз,8,4
пересдач,8,4
написано,8,4
комнату,8,4
пересдача,8,4
дипломе,8,4
втором,8,4
ответить,8,4
вопросы,8,4
продат,8,4
информацию,8,4
обучении,8,4
спортивные,8,4
систем,8,4
математике,8,4
тд,8,4
живт,8,4
издательское,8,4
транспортные,8,4
средства,8,4
секция,7,4
товарищи,7,4
будем,7,4
ее,7,4
материальная,7,4
ходить,7,4
прошлом,7,4
отпуск,7,4
го,7,4
отсрочку,7,4
другое,7,4
плохо,7,4
между,7,4
экзаменам,7,4
пишут,7,4
числах,7,4
нормально,7,4
заочников,7,4
попасть,7,4
учебного,7,4
да,7,4
наших,7,4
лучших,7,4
исполнителя,7,4
окажут,7,4
любую,7,4
скажи,7,4
долгам,7,4
idрадей,7,4
грин,7,4
idсопромат,7,4
техмех,7,4
idматвей,7,4
знатоков,7,4
idматематика,7,4
строймех,7,4
помогаем,7,4
механике,7,4
тоэ,7,4
различным,7,4
языкам,7,4
вступи,7,4
получи,7,4
clubhelpik,7,4
вступил,7,4
английский,7,4
игровой,7,4
преподаватели,7,4
обратиться,7,4
сооружений,7,4
полтора,7,4
ни,7,4
связь,7,4
зачет,7,4
прикладная,7,4
теперь,7,4
совмещать,7,4
технологиях,7,4
заселения,7,4
списки,7,4
момент,7,4
вс,7,4
рассматриваю,7,4
нужны,7,4
думаю,7,4
студентам,7,4
учат,7,4
восстановление,7,4
посмотреть,7,4
буду,7,4
следующий,7,4
оплату,7,4
писать,7,4
проекта,7,4
жизнь,7,4
баллов,7,4
вечер,7,4
остались,7,4
первой,7,4
других,7,4
общагах,7,4
всего,7,4
в,820,5
на,705,5
ли,454,5
и,445,5
как,419,5
есть,406,5
кто,373,5
по,358,5
с,304,5
у,259,5
не,231,5
можно,201,5
что,196,5
привет,194,5
если,174,5
всем,150,5
или,147,5
может,141,5
пожалуйста,134,5
принимает,134,5
подскажите,133,5
а,126,5
ребят,116,5
из,113,5
за,101,5
ктонибудь,93,5
экзамен,92,5
к,90,5
для,84,5
будет,82,5
кого,81,5
когда,76,5
знает,71,5
день,71,5
я,69,5
где,68,5
добрый,67,5
здравствуйте,66,5
тут,64,5
вам,64,5
о,63,5
после,58,5
про,58,5
вузе,58,5
расскажите,57,5
анон,53,5
сколько,52,5
ребята,52,5
то,52,5
общагу,50,5
вопрос,49,5
помочь,47,5
уже,46,5
курс,46,5
поступать,45,5
стоит,44,5
до,44,5
перевестись,43,5
какие,43,5
все,43,5
учится,43,5
вообще,42,5
от,42,5
узнать,42,5
нет,41,5
вас,41,5
этом,40,5
общежитие,39,5
получить,38,5
курсе,37,5
там,37,5
общаге,37,5
технологии,37,5
бюджет,36,5
меня,36,5
курса,35,5
сейчас,34,5
вуза,34,5
но,34,5
нас,34,5
скажите,34,5
чтобы,33,5
академ,33,5
вуз,33,5
рассказать,33,5
общаги,32,5
времени,32,5
это,32,5
хочу,31,5
анонимно,31,5
при,31,5
стипендия,31,5
реально,31,5
году,30,5
какой,30,5
универе,30,5
те,30,5
сессии,29,5
так,29,5
возможно,28,5
бы,28,5
проходит,28,5
поступить,28,5
нужно,28,5
дела,28,5
физре,28,5
ваш,27,5
нибудь,27,5
системы,27,5
делать,26,5
ктото,26,5
факультет,26,5
мы,26,5
какого,26,5
общага,26,5
время,26,5
будут,25,5
найти,25,5
только,24,5
куда,24,5
могут,24,5
во,24,5
можете,24,5
зачт,24,5
учиться,23,5
был,23,5
информационные,23,5
которые,23,5
магистратуру,22,5
документы,22,5
общежития,22,5
такой,22,5
семестр,22,5
числа,22,5
политехе,22,5
поступил,22,5
здесь,21,5
обучения,21,5
поводу,21,5
стипендию,21,5
об,21,5
со,21,5
первого,21,5
еще,20,5
кому,20,5
сделать,20,5
специальности,20,5
студенты,20,5
другого,20,5
могу,20,5
группу,20,5
группы,20,5
без,20,5
сессию,19,5
студентов,19,5
общежитии,19,5
помощь,19,5
работу,19,5
направления,19,5
сдать,19,5
люди,19,5
быть,18,5
физике,18,5
работы,18,5
другой,18,5
обучение,17,5
заявление,17,5
сложно,17,5
пересдача,17,5
пд,17,5
идти,17,5
диплом,16,5
насколько,16,5
правда,16,5
каких,16,5
очень,16,5
проходят,16,5
года,16,5
направление,16,5
термех,16,5
факультета,16,5
политех,16,5
лучше,16,5
информатика,16,5
его,15,5
возможность,15,5
тмм,15,5
первом,15,5
сдавать,15,5
магистратуре,15,5
факультете,15,5
пересдачи,15,5
другие,15,5
истории,15,5
сразу,15,5
надо,15,5
доброго,14,5
суток,14,5
взять,14,5
вступительные,14,5
же,14,5
учебу,14,5
заочку,14,5
лет,14,5
средства,14,5
комнату,14,5
подсказать,14,5
сказать,14,5
обстоят,14,5
просто,14,5
пк,14,5
первый,14,5
собираюсь,14,5
техника,14,5
обработки,14,5
вы,13,5
подать,13,5
диплома,13,5
чтото,13,5
семестра,13,5
направлению,13,5
какое,13,5
тебя,13,5
ещ,13,5
информатике,13,5
комиссии,13,5
пересдачу,13,5
практику,12,5
такие,12,5
расписание,12,5
нашем,12,5
много,12,5
дело,12,5
нужна,12,5
дают,12,5
универа,12,5
химии,12,5
никто,12,5
больше,12,5
мне,12,5
ты,12,5
год,12,5
пересдаче,12,5
направлении,12,5
попасть,12,5
второй,12,5
было,11,5
неделю,11,5
сдал,11,5
стипендии,11,5
какието,11,5
обычно,11,5
биотехнологии,11,5
перевода,11,5
раз,11,5
через,11,5
пришла,11,5
интересно,11,5
когонибудь,11,5
сдавал,11,5
деньги,11,5
два,11,5
физика,11,5
более,11,5
работает,11,5
занятия,11,5
находил,11,5
пройти,11,5
вычислительная,11,5
машиностроение,11,5
экзамены,10,5
проходить,10,5
народ,10,5
практика,10,5
несколько,10,5
вопросов,10,5
связи,10,5
информация,10,5
почему,10,5
потом,10,5
какая,10,5
переводиться,10,5
этот,10,5
электротехнике,10,5
забрать,10,5
вопросы,10,5
подготовки,10,5
сайте,10,5
прикладной,10,5
опыт,10,5
сессия,10,5
изза,10,5
поможет,10,5
ребятки,10,5
этого,10,5
числах,10,5
справки,10,5
шанс,10,5
написать,9,5
место,9,5
подавать,9,5
посмотреть,9,5
дней,9,5
лабы,9,5
этой,9,5
каком,9,5
учишься,9,5
хотелось,9,5
университете,9,5
она,9,5
одной,9,5
работать,9,5
была,9,5
экзаменам,9,5
да,9,5
отчисляют,9,5
отчислили,9,5
учебе,9,5
философии,9,5
механике,9,5
гидравлике,9,5
машин,9,5
экономике,9,5
скидку,9,5
транспортные,9,5
повышенную,9,5
того,9,5
информационных,9,5
поступлении,9,5
дадут,9,5
учусь,9,5
норм,9,5
какиенибудь,9,5
были,9,5
занимается,9,5
заселиться,9,5
универ,9,5
заселяют,9,5
производства,9,5
заселили,9,5
поступаю,9,5
дизайна,8,5
том,8,5
красный,8,5
какойто,8,5
предмету,8,5
переводе,8,5
долгов,8,5
политеха,8,5
сюда,8,5
планирую,8,5
испытания,8,5
почту,8,5
карантин,8,5
курсы,8,5
комиссия,8,5
ходить,8,5
один,8,5
первой,8,5
перевод,8,5
пары,8,5
часто,8,5
действительно,8,5
платят,8,5
летом,8,5
тд,8,5
оплатить,8,5
такое,8,5
вступительным,8,5
наших,8,5
лучших,8,5
детали,8,5
тоэ,8,5
ps,8,5
магистратура,8,5
других,8,5
шарит,8,5
людей,8,5
управление,8,5
издательское,8,5
стипуха,8,5
задачи,8,5
месяц,8,5
отчислить,8,5
технологий,8,5
происходит,8,5
другое,8,5
втором,8,5
программирование,8,5
кем,8,5
зачет,8,5
очнозаочное,8,5
полиграфического,8,5
этих,8,5
никак,7,5
справку,7,5
каким,7,5
решить,7,5
учебный,7,5
отпуск,7,5
курсовую,7,5
всего,7,5
девушки,7,5
даты,7,5
общественностью,7,5
теперь,7,5
онлайн,7,5
языка,7,5
думаете,7,5
поэтому,7,5
закрыть,7,5
заочке,7,5
график,7,5
кафедра,7,5
тем,7,5
преподаватели,7,5
университета,7,5
както,7,5
отчислят,7,5
мат,7,5
исполнителя,7,5
окажут,7,5
любую,7,5
скажи,7,5
долгам,7,5
idрадей,7,5
грин,7,5
idсопромат,7,5
техмех,7,5
idматвей,7,5
знатоков,7,5
idматематика,7,5
строймех,7,5
помогаем,7,5
различным,7,5
языкам,7,5
вступи,7,5
получи,7,5
clubhelpik,7,5
вступил,7,5
поступал,7,5
карантина,7,5
получения,7,5
спортивные,7,5
москвы,7,5
всех,7,5
шансы,7,5
вашем,7,5
дизайне,7,5
карту,7,5
автозаводской,7,5
интересует,7,5
билеты,7,5
отчисление,7,5
тех,7,5
хотел,7,5
комнаты,7,5
журналистику,7,5
свой,7,5
деле,7,5
пересдать,7,5
специальность,7,5
систем,7,5
очнозаочников,7,5
математике,7,5
киберфизические,7,5
они,7,5
поменять,7,5
номер,7,5
баллов,7,5
данных,7,5
дизайн,7,5
технология,7,5
упаковочного,7,5
баллами,7,5
тоже,6,5
второго,6,5
дистанционно,6,5
физра,6,5
пару,6,5
разницу,6,5
реклама,6,5
писать,6,5
язык,6,5
платного,6,5
комнате,6,5
строго,6,5
ее,6,5
команда,6,5
которых,6,5
вебтехнологии,6,5
обращаться,6,5
отлично,6,5
вовремя,6,5
ситуации,6,5
позже,6,5
очное,6,5
бюджета,6,5
брал,6,5
форме,6,5
бакалавриат,6,5
списки,6,5
преподавателей,6,5
егэ,6,5
оплачивать,6,5
он,6,5
комиссию,6,5
приветствую,6,5
балл,6,5
пойти,6,5
период,6,5
стать,6,5
студенту,6,5
нужны,6,5
чем,6,5
английского,6,5
поступления,6,5
количество,6,5
физры,6,5
информатику,6,5
помогите,6,5
каникулы,6,5
физру,6,5
издательского,6,5
вечер,6,5
ав,6,5
другую,6,5
го,6,5
ни,6,5
ищу,6,5
технических,6,5
в,775,6
на,763,6
и,480,6
как,434,6
ли,419,6
по,365,6
кто,344,6
есть,339,6
с,302,6
у,258,6
не,212,6
можно,190,6
что,170,6
привет,170,6
принимает,168,6
если,168,6
пожалуйста,159,6
подскажите,152,6
ребят,148,6
или,136,6
всем,129,6
для,110,6
может,107,6
когда,99,6
где,99,6
а,94,6
к,93,6
экзамен,93,6
за,92,6
ребята,81,6
ктонибудь,79,6
знает,75,6
расскажите,75,6
про,73,6
кого,73,6
будет,71,6
сколько,70,6
из,70,6
я,68,6
после,59,6
вузе,59,6
курс,59,6
какие,58,6
здравствуйте,56,6
вас,56,6
о,56,6
вопрос,54,6
тут,52,6
вам,50,6
общагу,49,6
это,49,6
поступать,48,6
день,48,6
стоит,45,6
учиться,44,6
можете,43,6
при,43,6
от,42,6
то,42,6
все,41,6
до,40,6
скажите,40,6
вообще,40,6
учится,39,6
перевестись,38,6
чтобы,37,6
куда,37,6
когонибудь,37,6
курса,36,6
со,36,6
вуз,35,6
этом,35,6
узнать,35,6
нужно,34,6
рассказать,34,6
направление,34,6
так,34,6
стипендия,34,6
времени,33,6
но,33,6
какого,32,6
получить,32,6
нет,32,6
вы,31,6
проходит,31,6
бы,31,6
анон,31,6
технологии,31,6
поступил,31,6
возможно,30,6
стипендию,30,6
нас,30,6
сдать,30,6
сложно,29,6
расписание,29,6
документы,29,6
факультет,28,6
добрый,28,6
году,28,6
бюджет,28,6
зачт,28,6
реально,27,6
какой,27,6
мгуп,26,6
мне,26,6
сейчас,26,6
делать,26,6
системы,26,6
кому,25,6
курсе,25,6
собираюсь,24,6
сессии,24,6
будут,24,6
поступить,24,6
физре,24,6
хочу,24,6
такой,24,6
народ,23,6
числа,23,6
общежитие,23,6
там,23,6
об,23,6
время,23,6
найти,23,6
вуза,23,6
нибудь,23,6
пересдачу,23,6
ваш,22,6
только,22,6
направления,21,6
уже,21,6
те,21,6
политех,21,6
помощь,20,6
надо,20,6
ты,20,6
академ,19,6
сессию,19,6
общаге,19,6
могут,19,6
общаги,19,6
возможность,19,6
какое,19,6
зачет,19,6
студентов,19,6
чем,18,6
очень,18,6
вступительные,18,6
специальность,18,6
могу,18,6
лучше,18,6
же,18,6
общага,18,6
много,18,6
дают,18,6
какая,18,6
политехе,18,6
доброго,17,6
каких,17,6
меня,17,6
универе,17,6
пересдачи,17,6
дела,17,6
специальности,17,6
никто,17,6
обучения,17,6
обучение,17,6
информационные,17,6
баллов,16,6
вопросов,16,6
помочь,16,6
которые,16,6
идти,16,6
общежитии,16,6
проходят,16,6
семестр,16,6
пары,16,6
во,16,6
экзамены,15,6
справку,15,6
этого,15,6
летом,15,6
сделать,15,6
находил,15,6
политеха,15,6
года,15,6
без,15,6
информатику,15,6
взять,15,6
пересдача,15,6
сдавал,14,6
заявление,14,6
люди,14,6
заочку,14,6
суток,14,6
поводу,14,6
того,14,6
посмотреть,14,6
насколько,14,6
списать,14,6
средства,14,6
попасть,14,6
год,14,6
пд,13,6
его,13,6
магистратуру,13,6
быть,13,6
подсказать,13,6
поступления,13,6
он,13,6
хочешь,13,6
тяжело,13,6
почему,13,6
первом,13,6
ктото,13,6
ответы,13,6
история,12,6
студент,12,6
остались,12,6
курсы,12,6
срочно,12,6
справки,12,6
нужны,12,6
пк,12,6
факультета,12,6
комнату,12,6
пересдать,12,6
тд,12,6
который,12,6
первого,12,6
стипендии,12,6
такое,11,6
информационных,11,6
здесь,11,6
физру,11,6
несколько,11,6
информатика,11,6
другой,11,6
были,11,6
направлении,11,6
универа,11,6
студенты,11,6
пройти,11,6
каком,11,6
както,11,6
мат,11,6
университете,11,6
комиссии,11,6
пересдач,11,6
работы,11,6
одного,11,6
истории,11,6
другую,11,6
мы,11,6
всего,11,6
математике,11,6
математика,11,6
сказать,11,6
вебтехнологии,11,6
условия,11,6
работает,11,6
управление,11,6
владимировна,10,6
вопросы,10,6
технологий,10,6
написать,10,6
первый,10,6
каким,10,6
пару,10,6
вторую,10,6
мест,10,6
диплома,10,6
физике,10,6
сайте,10,6
этот,10,6
забрать,10,6
сессия,10,6
нужна,10,6
тебя,10,6
экзамене,10,6
вашем,10,6
дизайн,10,6
чтото,10,6
ни,10,6
билеты,10,6
второй,10,6
общежития,10,6
нашем,10,6
практику,10,6
карту,10,6
систем,10,6
отчисляют,10,6
направлению,10,6
баллами,10,6
семестра,10,6
безопасность,10,6
заочке,10,6
места,9,6
семестре,9,6
учимся,9,6
егэ,9,6
группу,9,6
ещ,9,6
платят,9,6
восстановиться,9,6
физкультуре,9,6
отчисления,9,6
они,9,6
прикладная,9,6
сюда,9,6
работать,9,6
другого,9,6
занятия,9,6
перевод,9,6
шанс,9,6
один,9,6
заселения,9,6
препод,9,6
месяца,9,6
через,9,6
вот,9,6
эту,9,6
отпуск,9,6
месяц,9,6
шарит,9,6
прикладную,9,6
электронные,9,6
пряниках,9,6
связи,9,6
изза,9,6
каждый,9,6
менеджмент,9,6
ка,9,6
дело,9,6
ноября,9,6
потерял,8,6
оно,8,6
планирую,8,6
например,8,6
тоже,8,6
заявления,8,6
повышенную,8,6
социальную,8,6
физры,8,6
работу,8,6
поступлении,8,6
автозаводской,8,6
рассматриваю,8,6
такие,8,6
раньше,8,6
выбрать,8,6
просто,8,6
обстоят,8,6
пересдаче,8,6
экономике,8,6
информатике,8,6
ней,8,6
человек,8,6
свой,8,6
лекции,8,6
академический,8,6
обязательно,8,6
обратиться,8,6
технических,8,6
материалов,8,6
заочное,8,6
отзовитесь,8,6
математику,8,6
сегодня,8,6
владимирович,8,6
рекламу,8,6
примерно,8,6
летия,8,6
тех,8,6
типа,8,6
документов,8,6
веб,8,6
учатся,7,6
заселяют,7,6
быстро,7,6
группы,7,6
нужен,7,6
поступал,7,6
отчислении,7,6
потом,7,6
плиз,7,6
списки,7,6
отчисление,7,6
два,7,6
преподавателей,7,6
себе,7,6
сдавать,7,6
хотелось,7,6
мало,7,6
было,7,6
физику,7,6
всех,7,6
девушки,7,6
самом,7,6
договориться,7,6
выпускники,7,6
легко,7,6
начинается,7,6
номер,7,6
программа,7,6
чего,7,6
какието,7,6
писать,7,6
кафедры,7,6
диплом,7,6
большой,7,6
язык,7,6
подать,7,6
формы,7,6
хотел,7,6
информации,7,6
практика,7,6
сильно,7,6
дотация,7,6
поступаю,7,6
числах,7,6
происходит,7,6
биотехнологии,7,6
была,7,6
туда,7,6
бюджетных,7,6
учебный,7,6
новый,7,6
прикладной,7,6
ответить,7,6
обычно,7,6
первой,7,6
закрыл,7,6
больше,7,6
секция,7,6
магистратуре,7,6
студентам,7,6
одной,7,6
хорошо,7,6
корпусе,7,6
кабинете,7,6
факультете,7,6
ю,7,6
под,7,6
управления,7,6
зимней,7,6
магистратуры,7,6
строительство,7,6
издательское,7,6
бесплатный,7,6
сапр,7,6
проходил,7,6
августа,7,6
поступление,6,6
экзаменам,6,6
анонимно,6,6
раз,6,6
преподаватель,6,6
ходил,6,6
проходить,6,6
болезни,6,6
комунибудь,6,6
доки,6,6
прохожу,6,6
закрыть,6,6
собственному,6,6
желанию,6,6
техника,6,6
платить,6,6
понять,6,6
метро,6,6
вместо,6,6
бассейн,6,6
университета,6,6
обеспечение,6,6
теперь,6,6
й,6,6
приходит,6,6
понимаю,6,6
универ,6,6
самые,6,6
долг,6,6
учеба,6,6
секцию,6,6
учебы,6,6
университет,6,6
написано,6,6
ходить,6,6
свои,6,6
оценки,6,6
переводиться,6,6
личном,6,6
какойто,6,6
целом,6,6
когото,6,6
место,6,6
нашего,6,6
экзаменов,6,6
наземные,6,6
подробнее,6,6
провести,6,6
помогите,6,6
комнате,6,6
очки,6,6
пропуск,6,6
общественностью,6,6
начинаются,6,6
заниматься,6,6
деле,6,6
подавать,6,6
отлично,6,6
их,6,6
команда,6,6
отчислить,6,6
в,825,7
на,702,7
и,421,7
как,413,7
кто,352,7
по,330,7
есть,313,7
ли,311,7
с,292,7
у,283,7
не,265,7
что,223,7
ребят,207,7
можно,171,7
или,165,7
принимает,165,7
если,144,7
подскажите,138,7
пожалуйста,132,7
когда,118,7
привет,116,7
за,113,7
я,112,7
экзамен,107,7
где,105,7
всем,103,7
для,101,7
а,100,7
кого,99,7
знает,91,7
ребята,91,7
к,88,7
из,86,7
может,82,7
будет,81,7
ктонибудь,79,7
о,71,7
это,67,7
курс,64,7
уже,56,7
нужно,54,7
вопрос,51,7
то,50,7
куда,48,7
общагу,48,7
вас,46,7
там,46,7
вы,45,7
меня,44,7
от,44,7
сколько,44,7
нибудь,43,7
мне,43,7
никто,43,7
но,42,7
какие,42,7
все,42,7
про,41,7
до,40,7
день,40,7
скажите,39,7
делать,38,7
когонибудь,38,7
расскажите,38,7
общаге,38,7
со,37,7
общежитие,37,7
общаги,36,7
тут,35,7
здравствуйте,35,7
чтобы,33,7
во,33,7
курса,33,7
будут,33,7
только,31,7
учится,31,7
получить,31,7
числа,30,7
нет,29,7
дела,29,7
расписание,28,7
народ,28,7
после,28,7
находил,28,7
мгуп,27,7
общага,27,7
вообще,26,7
ка,26,7
физре,26,7
политехе,26,7
стипендия,26,7
какого,26,7
проходит,26,7
так,26,7
какой,25,7
вам,25,7
зачт,25,7
почему,25,7
хочу,25,7
бы,25,7
узнать,25,7
поступать,24,7
поступить,24,7
перевестись,24,7
при,24,7
москве,24,7
семестр,24,7
этом,24,7
политеха,24,7
сделать,24,7
политех,24,7
добрый,24,7
карту,24,7
время,23,7
такой,23,7
зачет,23,7
стоит,23,7
найти,23,7
обучение,23,7
надо,22,7
которые,22,7
возможно,22,7
году,22,7
кому,22,7
общежития,22,7
обучения,22,7
обстоят,22,7
сдать,21,7
вуз,21,7
экзамены,21,7
сложно,21,7
справки,21,7
заявление,21,7
образование,21,7
информатика,21,7
сейчас,20,7
примерно,20,7
доброго,20,7
времени,20,7
курсе,20,7
направление,19,7
номер,19,7
учиться,19,7
ещ,19,7
люди,19,7
те,19,7
могу,19,7
реально,18,7
помощь,18,7
его,18,7
нас,18,7
второй,18,7
пк,18,7
он,18,7
суток,18,7
был,18,7
стипендию,18,7
работает,18,7
магистратуру,18,7
ты,18,7
корпусе,18,7
лучше,17,7
программе,17,7
дело,17,7
вузе,17,7
технологии,17,7
обратиться,17,7
справку,17,7
го,17,7
каком,17,7
общежитии,17,7
сессии,16,7
ходить,16,7
можете,16,7
еще,16,7
физру,15,7
один,15,7
ваш,15,7
универе,15,7
без,15,7
года,15,7
об,15,7
студентов,15,7
пересдача,15,7
сдавать,15,7
вот,15,7
очень,15,7
вопросы,15,7
нужен,15,7
группы,15,7
сайте,15,7
документы,15,7
поступил,15,7
занятия,14,7
стипендии,14,7
списки,14,7
чем,14,7
идти,14,7
остались,14,7
они,14,7
ответы,14,7
бюджет,14,7
она,14,7
первый,14,7
было,14,7
дают,14,7
срочно,14,7
же,14,7
помогите,14,7
потом,13,7
могут,13,7
сегодня,13,7
курсы,13,7
издательское,13,7
пропуск,13,7
безопасность,13,7
потерял,13,7
специальности,13,7
пришла,13,7
каких,13,7
том,13,7
ктото,13,7
кампусную,13,7
комнату,13,7
техника,13,7
собрании,13,7
вуза,12,7
год,12,7
вс,12,7
факультет,12,7
этот,12,7
университете,12,7
мат,12,7
этого,12,7
была,12,7
вопросов,12,7
раз,12,7
направлению,12,7
язык,12,7
здесь,12,7
ее,12,7
мами,12,7
быть,12,7
россии,12,7
возможность,12,7
презентаций,12,7
через,12,7
направления,12,7
универ,12,7
группе,12,7
систем,12,7
холодильник,12,7
вычислительная,12,7
рассказать,11,7
дизайн,11,7
списать,11,7
матпомощь,11,7
учусь,11,7
владимирович,11,7
пересдаче,11,7
пересдачу,11,7
поводу,11,7
аудитории,11,7
управление,11,7
нужна,11,7
девочки,11,7
ну,11,7
кабинете,11,7
направлении,11,7
заселения,11,7
сразу,10,7
другой,10,7
пары,10,7
вступительные,10,7
мы,10,7
какое,10,7
сергей,10,7
нужны,10,7
рубежом,10,7
другую,10,7
специальность,10,7
всех,10,7
деньги,10,7
такие,10,7
каникулы,10,7
университетов,10,7
учеба,10,7
подавать,10,7
факультета,10,7
происходит,10,7
нести,10,7
собрание,10,7
сентября,10,7
посвящение,10,7
заселили,10,7
правда,9,7
первого,9,7
больше,9,7
другого,9,7
обычно,9,7
проходят,9,7
студенты,9,7
академ,9,7
секции,9,7
мгупа,9,7
шарит,9,7
преподавателя,9,7
физры,9,7
учат,9,7
вчера,9,7
зале,9,7
мгупе,9,7
сюда,9,7
тем,9,7
человек,9,7
завтра,9,7
сессия,9,7
деятельности,9,7
билеты,9,7
курсов,9,7
тебя,9,7
финансирования,9,7
какому,9,7
пряниках,9,7
информационные,9,7
находится,9,7
такое,9,7
первой,9,7
магистратуре,9,7
предметы,9,7
карты,9,7
комната,9,7
зачислении,9,7
шанс,8,7
занятий,8,7
начинаются,8,7
предмету,8,7
собираюсь,8,7
отчисление,8,7
университета,8,7
студенческий,8,7
субботу,8,7
студак,8,7
ходит,8,7
теперь,8,7
оплаты,8,7
какойто,8,7
общагах,8,7
товарищи,8,7
нашего,8,7
сессию,8,7
хочет,8,7
взять,8,7
группа,8,7
какую,8,7
ребятки,8,7
писать,8,7
пройти,8,7
мира,8,7
основы,8,7
друзья,8,7
комнаты,8,7
истории,8,7
обязательно,8,7
рекламы,8,7
именно,8,7
дальше,8,7
соц,8,7
елена,8,7
зал,8,7
максим,8,7
сказать,8,7
начинается,8,7
история,8,7
факультете,8,7
информации,8,7
купить,8,7
очнозаочном,8,7
продает,8,7
самостоятельно,8,7
первокурсников,8,7
первокурсники,8,7
подсказать,7,7
работы,7,7
одного,7,7
ходил,7,7
разбирается,7,7
ничего,7,7
пересдач,7,7
всего,7,7
много,7,7
иидиж,7,7
приходить,7,7
учимся,7,7
физике,7,7
заочку,7,7
какая,7,7
учебы,7,7
знаю,7,7
московский,7,7
сопромат,7,7
закрыть,7,7
хорошо,7,7
работу,7,7
диплом,7,7
е,7,7
поступлении,7,7
программы,7,7
сдавал,7,7
хотел,7,7
it,7,7
както,7,7
интересно,7,7
пересдачи,7,7
высшее,7,7
educationusa,7,7
сша,7,7
издательском,7,7
дотацию,7,7
магистратуры,7,7
университет,7,7
прошлом,7,7
тройку,7,7
сказали,7,7
машиностроение,7,7
информатики,7,7
прийти,7,7
поздняков,7,7
первом,7,7
экзамене,7,7
этой,7,7
справка,7,7
че,7,7
программа,7,7
ке,7,7
того,7,7
личном,7,7
снилс,7,7
заселяют,7,7
системах,7,7
отчисляют,6,7
подъезд,6,7
своей,6,7
отчислить,6,7
забрать,6,7
свой,6,7
испытания,6,7
тяжело,6,7
поделитесь,6,7
экономика,6,7
смысл,6,7
два,6,7
хотелось,6,7
группу,6,7
адресу,6,7
говорят,6,7
татьяна,6,7
магистры,6,7
учебного,6,7
должны,6,7
николай,6,7
изучать,6,7
платников,6,7
летия,6,7
изза,6,7
сопромату,6,7
марта,6,7
кафедры,6,7
имя,6,7
электротехнике,6,7
даже,6,7
возможностях,6,7
получать,6,7
несколько,6,7
часов,6,7
договориться,6,7
ему,6,7
ни,6,7
дни,6,7
владимировна,6,7
автозаводе,6,7
границей,6,7
нами,6,7
повышенную,6,7
сам,6,7
дней,6,7
преподов,6,7
николаевич,6,7
заплатить,6,7
учебу,6,7
математика,6,7
работать,6,7
подписку,6,7
apple,6,7
music,6,7
отдел,6,7
помочь,6,7
ней,6,7
них,6,7
просто,6,7
очнозаочного,6,7
немного,6,7
типа,6,7
связи,6,7
обращаться,6,7
одолжить,6,7
кампусной,6,7
электрозаводской,6,7
отделения,6,7
других,6,7
деле,6,7
переводился,6,7
кем,6,7
внимание,6,7
карта,6,7
реклама,6,7
него,6,7
записаться,6,7
автозаводской,6,7
очнозаочное,6,7
проектной,6,7
печати,6,7
прянишникова,6,7