word,quantity
на,780
в,742
и,563
кто,504
есть,450
с,388
ли,358
по,345
как,330
привет,295
у,257
всем,244
не,182
что,165
может,154
из,144
можно,144
или,138
пожалуйста,114
если,112
подскажите,109
для,92
здравствуйте,86
за,85
я,85
а,85
ребят,83
помочь,78
к,78
анон,74
ктонибудь,70
курс,67
о,66
учится,63
тут,62
расскажите,61
политехе,61
кого,60
ребята,60
поступать,58
добрый,58
экзамен,56
вопрос,55
день,55
ктото,54
знает,52
будет,52
вы,52
рассказать,52
после,51
проходит,51
где,51
технологии,49
про,49
бы,48
но,48
какие,45
уже,45
можете,44
перевестись,43
принимает,42
когда,42
это,42
направление,42
поступить,41
вас,41
курсе,40
хочу,39
вам,39
обучения,39
этом,39
политех,39
группы,39
при,38
вообще,37
которые,37
те,37
информационные,36
узнать,36
то,36
году,35
люди,35
со,34
нибудь,34
общаги,34
от,33
бюджет,33
учиться,32
направления,32
сколько,32
системы,31
нужно,31
меня,31
общагу,31
реально,30
общаге,30
вуз,30
здесь,30
вуза,30
беседа,30
какой,29
политеха,29
академ,28
пд,28
лучше,28
курса,27
был,27
нет,26
получить,26
анонимно,26
чтобы,26
сложно,25
баллов,25
мне,25
направлении,25
общежитие,25
другого,24
там,24
доброго,23
дизайн,23
время,23
без,23
стоит,23
такой,23
обучение,23
делать,22
времени,22
все,22
вузе,22
связи,22
студенты,22
насколько,22
больше,22
дело,21
куда,21
сдавал,21
скажите,21
поступил,21
экзамены,20
планирую,20
его,20
первом,20
опыт,20
сейчас,20
дела,20
только,20
так,20
общественностью,20
магистратуры,20
хотелось,20
народ,20
выбрать,20
сессии,19
год,19
сделать,19
когонибудь,19
какое,19
ты,19
общежития,19
изза,18
суток,18
заявление,18
будут,18
факультет,18
сдать,18
приветствую,18
всего,18
шарит,18
кому,17
каком,17
об,17
специальности,17
второй,17
семестр,17
вступительных,17
еще,17
этого,17
систем,17
сдавать,17
общага,17
до,16
проходят,16
никто,16
егэ,16
могут,16
студентов,16
учатся,16
ни,16
перевода,16
издательское,16
вс,15
зачет,15
возможно,15
пересдача,15
какая,15
нас,15
ещ,15
они,15
комнату,15
сайте,15
могу,14
он,14
поводу,14
физре,14
один,14
магистратуру,14
подсказать,14
вот,14
хотел,14
предмету,14
семестра,14
пересдачу,14
почему,14
хотя,14
быть,14
мест,14
года,14
вступительные,13
пары,13
сможет,13
когото,13
него,13
ваш,13
находил,13
информатика,13
управления,13
комнаты,13
чем,13
какую,13
вопросов,12
прошлом,12
найти,12
управление,12
возможность,12
пересдачи,12
специальность,12
рассматриваю,12
закрыть,12
лабы,12
факультета,12
обработки,12
московский,12
дизайне,12
всех,12
вопросы,12
сюда,12
просто,12
этот,12
который,12
другую,12
безопасность,12
тд,11
диплом,11
корпусе,11
физике,11
направлению,11
каким,11
во,11
академа,11
программирования,11
хорошо,11
дизайна,11
расписание,11
же,11
собираюсь,11
много,11
дистанционно,11
группу,11
очень,11
переводился,11
холодильник,11
их,11
баллами,11
взять,10
поделиться,10
графический,10
поступления,10
вариант,10
связаться,10
предметов,10
через,10
место,10
обстоят,10
колледжа,10
предмет,10
да,10
какого,10
числа,10
другой,10
программное,10
обеспечение,10
рекламе,10
фит,10
пряниках,10
сессия,10
зачт,10
общежитии,10
сессию,10
было,10
думаю,10
реклама,10
надо,10
ну,10
них,10
тем,10
документы,10
посмотреть,10
ответы,10
раз,10
целом,9
дней,9
каких,9
работы,9
работу,9
справку,9
университете,9
прикладная,9
производства,9
помощь,9
она,9
компьютерной,9
учусь,9
происходит,9
дают,9
учебу,9
сегодня,9
интересно,9
сказать,9
эти,9
поступал,9
первый,9
друзья,9
том,9
го,9
машиностроения,9
проекта,9
проект,9
информационных,9
вебтехнологии,9
клуб,9
остались,9
технологий,9
несколько,9
чат,9
преподы,8
работает,8
автозаводской,8
мультимедиа,8
магистратуре,8
писал,8
человек,8
учебе,8
первого,8
нашем,8
срочно,8
шанс,8
подать,8
комиссии,8
игровой,8
индустрии,8
математику,8
другое,8
стипендия,8
того,8
ходить,8
ней,8
технических,8
курсов,8
автазе,8
получил,8
отчислении,8
кем,8
тоже,8
связь,8
справки,8
перевожусь,8
веб,8
пройти,8
норм,8
хотела,8
онлайн,8
примеры,8
графики,8
были,8
мы,8
математике,8
группа,8
медиаиндустрии,8
большой,7
информации,7
семестре,7
николаевич,7
между,7
както,7
внутри,7
математика,7
обычно,7
тех,7
результаты,7
диплома,7
тебя,7
какието,7
сразу,7
такое,7
хотят,7
варианты,7
поможет,7
переводиться,7
рекламы,7
шансы,7
пересдаче,7
одного,7
упаковочного,7
знаете,7
спортивные,7
учился,7
учат,7
факультете,7
практики,7
официально,7
жить,7
комнате,7
учеба,7
заочке,7
места,7
требуют,7
лет,7
среди,7
формате,7
информационной,7
пойти,7
самое,7
пк,7
предметам,7
исит,7
переводе,7
этих,7
написать,7
играет,7
комфортности,7
учба,7
подавать,7
истории,7
платки,7
автоматизированных,7
бизнесом,7
продат,7
диаспора,7
заочное,7
сентября,7
потом,7
рекламу,7
уйти,6
разницу,6
отпуск,6
млта,6
набебина,6
работ,6
пару,6
учебы,6
чтото,6
брал,6
аспирантуру,6
математики,6
имея,6
легко,6
летом,6
язык,6
поступлении,6
данном,6
примерно,6
момент,6
работе,6
пж,6
экзамена,6
стало,6
буду,6
русскому,6
каждый,6
данных,6
системах,6
попасть,6
деятельности,6
техника,6
ждать,6
чего,6
набор,6
ходил,6
месяца,6
задать,6
форму,6
перевод,6
основы,6
баллы,6
спокойно,6
рассматривают,6
жизнь,6
своей,6
господа,6
мпу,6
пар,6
первой,6
физру,6
дорогие,6
it,6
заочники,6
издательского,6
более,6
че,6
универе,6
данный,6
хочет,6
беседу,6
сильно,6
поступивших,6
вопросом,6
одной,6
стипендию,6
смысл,6
весь,6
приказы,6
корпус,6
потому,6
информатику,6
тест,6
граф,6
средства,6
московского,6
лк,6
повышенной,6
билеты,6
большие,6
очно,6
интересует,6
подал,6
сапр,6
попал,6
теории,5
отчисляют,5
испытания,5
обратиться,5
физры,5
экз,5
договориться,5
занятия,5
вечер,5
вроде,5
качеством,5
иб,5
чтоб,5
б,5
этой,5
программирование,5
второго,5
графического,5
этому,5
заочников,5
магистров,5
академический,5
й,5
смогу,5
курсовой,5
получал,5
сдачи,5
сергея,5
поступление,5
разработка,5
ргр,5
уважаемые,5
случайно,5
преподаватель,5
обращаться,5
направлениях,5
препод,5
заселения,5
автоматы,5
ночь,5
причине,5
постоянно,5
корпуса,5
теперь,5
количества,5
выбора,5
иногда,5
квартиру,5
практика,5
неделю,5
групп,5
магу,5
университета,5
безопасности,5
общаг,5
самый,5
списки,5
разница,5
зачисление,5
машиностроение,5
фанаты,5
любителей,5
писать,5
е,5
пока,5
продает,5
направлений,5
проходить,5
прикладную,5
совмещать,5
товарищи,5
себя,5
количество,5
лабораторных,5
деятельность,5
другом,5
копылова,5
бс,5
создадим,5
цифрового,5
контента,5
россии,5
транспортный,5
мосполитех,5
python,5
других,5
форме,5
напишите,5
беседы,5
прикладной,5
запись,5
поступает,5
перваков,5
приветик,5
подала,5
информационная,5
открытые,5
данные,5
проведения,4
зачеты,4
семновской,4
очное,4
какойто,4
лекции,4
одна,4
практику,4
графика,4
лс,4
насчт,4
посещений,4
ав,4
михалке,4
знания,4
сопромату,4
разбирается,4
компасе,4
дальше,4
муханова,4
летней,4
защиты,4
гдето,4
группе,4
кабинете,4
экономики,4
ищу,4
сам,4
цифровая,4
экзаменов,4
плохо,4
кстати,4
материальную,4
приемной,4
лмс,4
транспортного,4
инжиниринг,4
процесс,4
оборудование,4
мат,4
анализу,4
программе,4
две,4
уважительной,4
причины,4
какойнибудь,4
кафедры,4
спортивных,4
ходят,4
даты,4
дистанте,4
задачи,4
численные,4
сдал,4
своим,4
скорее,4
подарок,4
литературе,4
обучении,4
чему,4
программ,4
роботы,4
идти,4
заселиться,4
кпк,4
очной,4
формы,4
проектной,4
зданий,4
балл,4
вычислительная,4
принимают,4
нужен,4
курсу,4
лабораторные,4
варианта,4
ставит,4
трудно,4
пропуск,4
студент,4
физику,4
два,4
фита,4
старших,4
лаборатории,4
дня,4
ой,4
равноправия,4
глобализации,4
высвобождении,4
нравов,4
выглядят,4
высокого,4
спроса,4
край,4
сами,4
лишь,4
теряют,4
реальностью,4
думают,4
должен,4
охотятся,4
меньшее,4
ее,4
тебе,4
проблемы,4
ведь,4
немного,4
женщин,4
прянишникова,4
чм,4
методы,4
академического,4
отпуска,4
вступительный,4
пересдать,4
людей,4
объяснить,4
делал,4
говорят,4
заочка,4
имеет,4
закрыл,4
журналистике,4
брать,4
помогите,4
переходил,4
английского,4
отчислить,4
д,4
проектирование,4
меньше,4
платку,4
урбанистики,4
электроэнергетика,4
электротехника,4
восстановиться,4
курсы,4
игорь,4
журналистику,4
проекту,4
отзовитесь,4
транспорта,4
какими,4
выбирать,4
представляет,4
написано,4
ставят,4
заданий,4
автоматизация,4
ведт,4
поменять,4
технология,4
полиграфического,4
стипендии,4
философии,4
наушники,4
тяжело,4
хватает,4
бесплатно,4
лабами,4
потеряла,4
видел,4
вчера,4
хватит,4
перейти,4
заочном,4
сдо,4
история,4
вебтехнологий,4
приходит,4
именно,4
транспортные,4
вашем,4
понимаю,4
тесты,4
нужна,4
эта,4
заочку,4
быстро,4
выглядит,4
программировании,4
общий,4
абитуриент,4
термехом,4
олимпиады,4
отпишитесь,4
условия,4
создать,4
студентам,4
данного,4
какаянибудь,4
всм,4
конкурс,4
первокурсников,4
ивт,4
хоть,4
такие,4
мной,4
права,4
принять,4
мнение,4
информация,4
устроили,4
поступаю,4
магистратура,4
заселяют,4
сфере,4
посоветуете,4
корпоративные,4
нагрузка,4
медаль,4
отзывов,4
строительство,4
сумме,4
здоровья,3
либо,3
приветхочу,3
академическую,3
механике,3
готовы,3
хочется,3
преподаватели,3
одну,3
поподробнее,3
факультеты,3
сталкивался,3
карабутов,3
николай,3
владимир,3
среднего,3
детали,3
н,3
двери,3
теория,3
отчислят,3
заканчиваю,3
плане,3
ради,3
отсрочки,3
посоветовать,3
хорошие,3
начинаются,3
обязателен,3
готов,3
забрать,3
существует,3
работать,3
образования,3
кроме,3
свой,3
посты,3
решение,3
пообщаться,3
учбы,3
получения,3
красного,3
последний,3
следующий,3
состоянии,3
русский,3
экзаменах,3
оценка,3
пишут,3
правда,3
антон,3
волошинова,3
лв,3
нравится,3
дистант,3
языки,3
профиле,3
тер,3
восстанавливался,3
проходной,3
проезд,3
период,3
сентябре,3
сем,3
студента,3
дать,3
конец,3
спать,3
подробнее,3
колледж,3
политехом,3
понимает,3
инженерной,3
справок,3
семейным,3
которых,3
явился,3
ему,3
аудитории,3
список,3
робототехника,3
разработке,3
зачем,3
универ,3
аттестата,3
строительстве,3
уникальных,3
сооружений,3
ответить,3
теормеху,3
современный,3
издательский,3
учебного,3
живет,3
планирует,3
физра,3
численным,3
методам,3
следующего,3
технологию,3
художественной,3
материалов,3
такая,3
долго,3
семейную,3
полякова,3
достаточно,3
анимации,3
долги,3
тот,3
отправят,3
тогда,3
вступительным,3
конспект,3
известно,3
насчет,3
ведет,3
тобой,3
попробовать,3
набрать,3
дотацию,3
плана,3
себе,3
преподавателей,3
тупо,3
подготовки,3
хреном,3
ним,3
подьехать,3
преподов,3
евгения,3
мужчин,3
возрастами,3
была,3
детей,3
института,3
три,3
защищать,3
полностью,3
ребятки,3
балла,3
отчисления,3
нормально,3
салют,3
философия,3
могли,3
отвечают,3
отчисление,3
английский,3
переехать,3
сказали,3
документов,3
руп,3
секция,3
црс,3
сергей,3
прошлого,3
скоро,3
прошлый,3
электрозаводской,3
закрывал,3
пересдач,3
мои,3
приняли,3
прохождения,3
решением,3
всю,3
особенно,3
ночам,3
идут,3
языка,3
добавить,3
парковаться,3
технологиям,3
политеховцы,3
экстерном,3
программированием,3
пми,3
бюджетных,3
занятий,3
выпускники,3
заочную,3
разу,3
любители,3
настольных,3
игр,3
оставил,3
рядом,3
желательно,3
материалы,3
например,3
графику,3
этим,3
студенту,3
повышенную,3
комиссией,3
жизни,3
останется,3
св,3
ас,3
обучению,3
валит,3
технологических,3
процессов,3
преподатся,3
линейной,3
икт,3
работают,3
туда,3
тг,3
профиль,3
эвм,3
стоят,3
случае,3
давайте,3
предоставить,3
карьеру,3
даже,3
введению,3
теорию,3
этаже,3
термеху,3
программированию,3
эту,3
дпо,3
обстоятельствам,3
геометрии,3
задался,3
четверг,3
поликеке,3
собирается,3
задания,3
типа,3
личным,3
юрий,3
текстов,3
документации,3
делают,3
появится,3
мог,3
стать,3
свою,3
приложение,3
посоветуйте,3
оно,3
вузов,3
вл,3
добрые,3
общагами,3
adrenaline,3
stadium,3
lookin,3
rooms,3
halloween,3
самая,3
комментах,3
дедлайны,3
тренировки,3
промышленности,3
опытом,3
топ,3
автошколу,3
возможностью,3
оффлайн,3
месяц,3
приглашаем,3
участие,3
отличаются,3
занимаются,3
свое,3
посвящение,3
заочного,3
точно,3
автошколе,3
ваше,3
знаю,3
личном,3
общежитий,3
решил,3
перевелся,3
втором,3
интеграции,3
дамы,3
конспекты,3
берут,3
проходил,3
университетская,3
среда,3
платную,3
основу,3
хотите,3
комната,3
цена,3
литература,3
наших,3
киберфизические,3
общежитиях,3
которую,3
университет,3
справка,3
формат,3
вебтехнологиях,3
зачислении,3
достижения,3
салам,3
безопасностью,3
скольки,3
баллом,3
согласие,3
свободные,3
инфобез,3
доброе,3
работодателя,3
проекте,3
вшэ,3
i,3
am,3
about,3
in,3
сроки,2
состоянию,2
практикумами,2
общей,2
измерений,2
текст,2
здоровьем,2
переводится,2
закрывать,2
годжаев,2
захид,2
адыгезал,2
оглы,2
статической,2
отчислили,2
долгов,2
зимней,2
столовой,2
книгоиздательское,2
видела,2
отзывы,2
студенческого,2
красный,2
пять,2
учебном,2
вопросами,2
спросить,2
коротицкий,2
сборника,2
дм,2
следующем,2
пхакадзе,2
основном,2
преподавателем,2
физкультуре,2
средам,2
зовут,2
фамилию,2
влияет,2
шурыгина,2
задачу,2
интеграл,2
двумя,2
сопромат,2
вк,2
программу,2
пропусков,2
начертит,2
разрезы,2
замочной,2
скважины,2
сувальдного,2
замка,2
машин,2
помимо,2
осенью,2
подавал,2
продление,2
промежуточной,2
аттестации,2
среднем,2
почитал,2
ваши,2
задач,2
менеджмента,2
вкр,2
должны,2
моей,2
гидравликой,2
система,2
действует,2
динамике,2
москве,2
очнозаочное,2
металлургия,2
говоря,2
физика,2
списать,2
успеть,2
волковой,2
целый,2
поздно,2
территории,2
внимание,2
работал,2
занятие,2
связях,2
мех,2
гоночный,2
обратно,2
процессы,2
производстве,2
связей,2
каникул,2
дисциплине,2
дискретные,2
структуры,2
компьютинг,2
выйти,2
учишься,2
определенный,2
программная,2
инженерия,2
бюджетное,2
каков,2
добираться,2
третьей,2
третью,2
бакалавриате,2
оценку,2
дискретную,2
длится,2
пара,2
бд,2
тс,2
конце,2
снова,2
матпомощь,2
которым,2
мой,2
всегда,2
столовая,2
предметы,2
решнные,2
медоты,2
дискретным,2
структурам,2
компьютингу,2
повышенная,2
грозит,2
осипов,2
видимо,2
вышел,2
принести,2
под,2
думаете,2
мобильной,2
использовать,2
внутренних,2
деньги,2
оставшиеся,2
подкатить,2
языке,2
php,2
белую,2
мышку,2
петухова,2
леонидовича,2
перспективных,2
транспортных,2
баллам,2
изделий,2
пром,2
развиваться,2
достижений,2
легче,2
смог,2
добиться,2
журналистика,2
дшк,2
инновационные,2
закончил,2
впечатления,2
телефон,2
посте,2
сдавали,2
поделать,2
области,2
ск,2
измайлово,2
утра,2
незачт,2
проблема,2
подскажитекогда,2
открытых,2
дверей,2
категорически,2
ожидать,2
новый,2
электротехнике,2
электронике,2
серверов,2
нее,2
автомат,2
знаешь,2
художник,2
потери,2
вторую,2
преподу,2
периоде,2
ваша,2
готовиться,2
выбором,2
остался,2
прекрасны,2
матан,2
очнозаочную,2
самом,2
деле,2
вечернем,2
рытикова,2
класса,2
трудности,2
одним,2
платной,2
получать,2
выплачивают,2
показаниям,2
поговорить,2
парни,2
бут,2
друг,2
существуют,2
придется,2
пряники,2
успел,2
волошинову,2
электроэнергетике,2
дьяволу,2
разработки,2
ждал,2
ую,2
дайте,2
рофлов,2
пути,2
приходят,2
всему,2
городу,2
хеют,2
одинаковых,2
инициативных,2
стипа,2
кинню,2
смотрю,2
ничего,2
голове,2
слез,2
магистерской,2
диссертации,2
выдают,2
бабы,2
говно,2
изменяют,2
делят,2
городом,2
гос,2
душой,2
ого,2
соц,2
сетей,2
проводиться,2
летняя,2
последнюю,2
другие,2
исследования,2
практические,2
выжить,2
течении,2
хранят,2
досрочно,2
оценки,2
абитуриенту,2
касаемо,2
ибас,2
причина,2
анонимнопожалуйста,2
ответ,2
экзамене,2
вторая,2
когданибудь,2
перед,2
достоевского,2
решения,2
странный,2
jbl,2
сообщения,2
подробно,2
февраля,2
конца,2
города,2
звонил,2
основам,2
остаться,2
старостой,2
получалось,2
наталья,2
вела,2
буквально,2
каждая,2
файл,2
приказа,2
классов,2
ситуация,2
обращался,2
волейболу,2
хей,2
прошл,2
мобильные,2
пропусти,2
теплотехника,2
теплоэнергетика,2
сво,2
свободное,2
японской,2
присутствуют,2
выплаты,2
сообщество,2
заново,2
коммерции,2
любить,2
комуто,2
обучаюсь,2
ибо,2
ссылаясь,2
никак,2
аа,2
собраться,2
оригами,2
ходит,2
скинуть,2
смотрел,2
аниме,2
часов,2
поставили,2
автомобилей,2
дает,2
дни,2
залах,2
цифровые,2
батареек,2
пи,2
дз,2
вакантных,2
соответственно,2
фильм,2
плюсы,2
минусы,2
течение,2
библиотека,2
семак,2
здарова,2
какиенибудь,2
доступ,2
преподат,2
лукьянов,2
почту,2
ответили,2
инфа,2
искали,2
увлекается,2
машиностроении,2
моменты,2
идшь,2
синергии,2
кемто,2
подходить,2
работой,2
энергоустановки,2
малой,2
энергетики,2
депрессия,2
понять,2
также,2
принятия,2
решений,2
заявку,2
препода,2
предмета,2
дисциплины,2
учебная,2
ребятам,2
олимпиаде,2
школу,2
куратор,2
начнутся,2
нему,2
пишите,2
сергеев,2
цифровой,2
трансформации,2
окончил,2
причину,2
семейные,2
обстоятельства,2
местами,2
влияют,2
николаевича,2
кафедру,2
городского,2
хозяйства,2
очном,2
з,2
р,2
п,2
непрофильных,2
м,2
вагабов,2
махач,2
ва,2
владимировна,2
зачтэкзамен,2
проектом,2
таком,2
проектную,2
мосполитеховцы,2
заключает,2
зачетной,2
образовались,2
долга,2
сданным,2
долгом,2
обязательном,2
оставить,2
терял,2
шурыгин,2
выселят,2
прохожу,2
какому,2
секции,2
обучающиеся,2
знать,2
уметь,2
опыта,2
середину,2
спрашивает,2
нормативы,2
форма,2
вп,2
анимацию,2
специальностях,2
девушка,2
введение,2
фите,2
лайтовое,2
вместе,2
поздняков,2
армия,2
репетитора,2
потерялись,2
отделении,2
карту,2
ответами,2
итоговый,2
часть,2
отличается,2
заданиями,2
отсрочку,2
своих,2
графике,2
идиж,2
набебин,2
перчатки,2
приветпривет,2
перевелись,2
пост,2
поста,2
нашел,2
своя,2
системной,2
программной,2
инженерии,2
красина,2
одном,2
первую,2
старше,2
отучился,2
помогает,2
вашего,2
компьютерный,2
автомобилестроении,2
находится,2
участники,2
сессией,2
предоставление,2
проектная,2
показать,2
такого,2
сон,2
думал,2
сделал,2
новую,2
придет,2
защите,2
книги,2
очки,2
получаете,2
задолженности,2
имеются,2
компании,2
свои,2
самые,2
гайс,2
экзаменам,2
проходили,2
базы,2
аудиториях,2
java,2
желание,2
х,2
autodesk,2
беляев,2
avtodesk,2
invertor,2
нашли,2
современных,2
элективы,2
записаться,2
саенко,2
имеют,2
перваку,2
своему,2
лучший,2
философию,2
здоровью,2
адекватные,2
электротехнику,2
платке,2
качестве,2
чернокозов,2
контактом,2
человека,2
играть,2
допбаллы,2
мало,2
гостей,2
артистов,2
шоу,2
бонус,2
vip,2
бронь,2
охраной,2
билет,2
httpsmoscowqticketseventshalloweenadrenalinestadium,2
шишанин,2
ое,2
плиз,2
октября,2
настоящий,2
животное,2
люблю,2
пошл,2
инсталляция,2
которой,2
сможешь,2
бесплатные,2
челов,2
слышал,2
значит,2
середине,2
мисис,2
физикой,2
проконсультировать,2
клуба,2
прошло,2
нельзя,2
базе,2
soft,2
skills,2
школе,2
иду,2
тему,2
скольких,2
новом,2
клубе,2
михалковской,2
практике,2
стажировку,2
давно,2
отдел,2
сих,2
пор,2
ps,2
отделение,2
код,2
аноним,2
йоу,2
документ,2
военная,2
кафедра,2
миллион,2
естественно,2
общагах,2
общем,2
записываться,2
доп,2
школы,2
одно,2
дали,2
какоелибо,2
ч,2
потерял,2
недавно,2
вечера,2
заочной,2
институт,2
имени,2
баскетболисты,2
перваки,2
девушки,2
дома,2
сдачу,2
начать,2
рейтинг,2
вертикальная,2
ферма,2
минихолодильник,2
новичок,2
начинающий,2
разработчик,2
экологическая,2
быстрее,2
материал,2
последнем,2
образование,2
журфака,2
лаборатория,2
введут,2
семе,2
доступна,2
заселении,2
стратегическому,2
игрик,2
начале,2
изучения,2
пересдавать,2
моего,2
ближе,2
учебным,2
фото,2
материаловедение,2
заселяется,2
информацией,2
выпускников,2
льготное,2
возле,2
ограничено,2
организационные,2
собрания,2
httpsvkcomapp,2
координатора,2
марии,2
httpsvkcomvorontsovamaria,2
лучшие,2
вариантов,2
вебинарами,2
поможем,2
расскажем,2
успейте,2
конкурсе,2
httpsvkcomautohigh,2
отчислился,2
платного,2
искать,2
разговорного,2
посещение,2
будете,2
свободнее,2
другу,2
васильева,2
вступительного,2
дат,2
переводу,2
киньте,2
старикам,2
ливать,2
оттуда,2
метрохе,2
мика,2
гордона,2
снимать,2
повышенного,2
комфорта,2
производств,2
очного,2
спрашиваю,2
распределения,2
отвечает,2
неизменной,2
интонацией,2
заселят,2
начинается,2
даб,2
магистры,2
живтся,2
однокурсники,2
порядке,2
людикоторые,2
заселение,2
дистанционка,2
поступила,2
техносферную,2
корпусу,2
заселяться,2
электроэнергетику,2
эконом,2
основе,2
корпусах,2
встаки,2
осталось,2
экономика,2
финансы,2
предприятия,2
наоборот,2
многие,2
данной,2
учились,2
вижу,2
стандартизация,2
метрология,2
интересуют,2
поступающих,2
построить,2
биотехнологии,2
основной,2
программисты,2
выбираю,2
интересны,2
адрес,2
возникло,2
бюджетные,2
льготниками,2
большая,2
вечерники,2
учебных,2
указано,2
качество,2
действительно,2
положительных,2
набрала,2
предметами,2
типо,2
абитуры,2
занимали,2
списке,2
июля,2
срок,2
направлениями,2
селят,2
которая,2
зависит,2
трансформация,2
журналистики,2
комнат,2
функционируют,2
ingosstart,2
программой,2
управлении,2
сохранились,2
системную,2
программную,2
инженерию,2
хочешь,2
преп,2
мб,2
мтуси,2
вузы,2
дадут,2
процессе,2
утро,2
реальности,2
квоте,2
тараканов,2
организации,2
абитуриентов,2
подозрения,2
правил,2
дви,2
пугает,2
радиотехнику,2
образом,2
информатики,2
понял,2
химия,2
айти,2
обучался,2
жмут,2
побыстрее,2
еникеев,2
информатикой,2
пришла,2
должно,2
программа,2
рассматривать,2
максимально,2
нагрузку,2
какова,2
псои,2
полноценную,2
коля,2
клубы,2
спо,2
надоели,2
звонки,2
мошенников,2
прочий,2
телефонный,2
спам,2
детмаше,2
личный,1
кабинет,1
изменял,1
зачетовэкзаменов,1
допустим,1
наберет,1
компьютере,1
рукописных,1
листов,1
проблем,1
проектному,1
менеджменту,1
университетасложно,1
едешь,1
границу,1
неудовлетворительно,1
кп,1
обедает,1
меценаты,1
ым,1
вариантом,1
заочноено,1
послушаю,1
виснут,1
штраф,1
утерю,1
курсовую,1
ки,1
распечатает,1
листовки,1
антиэлектросамокатным,1
стихотворением,1
печать,1
посоветоваться,1
получится,1
моделями,1
anylogic,1
сд,1
факультетов,1
бсемновской,1
пересдачей,1
тренажрке,1
тестирования,1
остаточные,1
требования,1
курсача,1
ткп,1
учитсяучился,1
innovative,1
marketing,1
возьмет,1
аналитическом,1
виде,1
кратный,1
расчета,1
расстояния,1
произвольными,1
точками,1
кольцевого,1
сектора,1
петровом,1
маршрутном,1
листе,1
изготовления,1
сергеевой,1
индивидуальную,1
оздоровительную,1
иоп,1
режим,1
бюро,1
количестве,1
заваленых,1
закрытым,1
ключевым,1
окном,1
курсачом,1
механизмов,1
преобрести,1
дискретная,1
несданный,1
выпускном,1
богданова,1
длятся,1
каникулы,1
бакалавриат,1
компьютерноутбук,1
недель,1
ближайшая,1
сроков,1
защищает,1
дружба,1
парнем,1
девушкой,1
умудрялись,1
никакого,1
школьного,1
порекомендовали,1
устроиться,1
мирэа,1
покупаете,1
интересные,1
работытемы,1
требованиям,1
соответствовать,1
подтверждающую,1
факт,1
лепешкин,1
принял,1
раза,1
антиплагиата,1
антиплагиат,1
приветможешь,1
транформация,1
учбеинтересно,1
перспективы,1
тепломассообмен,1
решить,1
статистической,1
щербаков,1
приезжали,1
родственники,1
твои,1
одногруппники,1
нами,1
ждм,1
монитор,1
умная,1
колонка,1
оплачиваемая,1
стажировка,1
встретить,1
склонах,1
красной,1
поляны,1
выходные,1
пересдачами,1
платный,1
скинули,1
перечень,1
мягко,1
пребываю,1
шока,1
ладно,1
анализ,1
ресурсного,1
обеспечения,1
ужасы,1
электрику,1
ревитеrvt,1
закрыт,1
карантин,1
корью,1
еб,1
бан,1
улеташь,1
зачете,1
дополнительными,1
отделаться,1
индивидуальному,1
плану,1
посещать,1
поступают,1
целевому,1
курение,1
уника,1
объяснительной,1
добиваться,1
девушкиесли,1
сказала,1
ей,1
перевели,1
практическое,1
прикрепил,1
изучаются,1
заработает,1
писатьпереписывать,1
кр,1
петрова,1
станкина,1
учебный,1
бедолаге,1
профниофрмитьвать,1
прокнсультировать,1
политеху,1
отчисляли,1
неуспеваемости,1
аппараты,1
бред,1
автаза,1
готовые,1
проверенные,1
изображений,1
полиграфическом,1
упаковочном,1
красоте,1
нанотехнологиям,1
относитесь,1
творчеству,1
рыжего,1
возможна,1
компенсация,1
затрат,1
электричках,1
летних,1
решнный,1
бюджете,1
решенные,1
ргрки,1
темам,1
пределы,1
производные,1
неопределенный,1
интегралы,1
системная,1
сложностипростоте,1
стороны,1
освобождается,1
уходит,1
жившь,1
пределах,1
оооочень,1
близко,1
трассе,1
часа,1
мимо,1
ушей,1
пропустил,1
очнулся,1
уговорить,1
сдача,1
госовгиа,1
алгоритмическое,1
варнавскому,1
подавали,1
апелляцию,1
держать,1
певко,1
ультимативный,1
гайд,1
выживанию,1
денгу,1
контрактникам,1
скейтеры,1
скейторки,1
активностипроекты,1
ближайшее,1
тфкп,1
повезло,1
соседями,1
придт,1
лекцию,1
ушла,1
девятого,1
сотрудничает,1
задание,1
схемотехникаэлектронныхустройствпринтмедиаиндустрии,1
бакалавров,1
смотрели,1
ключ,1
субботу,1
работала,1
ток,1
появилось,1
товарищам,1
обучающимся,1
пригодились,1
графикиименно,1
профильные,1
выписки,1
прослушанных,1
дисициплиннах,1
некоторой,1
корректировкой,1
языках,1
обстоятельствампо,1
им,1
расписать,1
задачника,1
оценнные,1
медиаиндтустрии,1
социальная,1
пускают,1
самокатом,1
территорию,1
универа,1
чертж,1
позволят,1
черчение,1
исключение,1
зачетэкзамен,1
леонидович,1
групаш,1
приперся,1
жарко,1
кипела,1
полыхала,1
страстью,1
горячим,1
нутром,1
смотря,1
снял,1
толстовку,1
кудато,1
туалет,1
туалетную,1
бумажку,1
даст,1
бог,1
использованную,1
короче,1
скомуниздила,1
одеяние,1
сбежала,1
улице,1
солнышко,1
бочина,1
пузо,1
замрзнет,1
контролем,1
подгорит,1
пукан,1
толстовке,1
доказывать,1
моя,1
снегоплавильни,1
mathcad,1
вручать,1
военкому,1
отчислюсь,1
вернуть,1
оплатил,1
слышала,1
автошкола,1
группашу,1
завелся,1
написанием,1
интересен,1
идет,1
упор,1
интересна,1
роль,1
геймхудожника,1
беспроводную,1
апелляция,1
выйдет,1
vuereact,1
django,1
чутьчуть,1
базах,1
драсьте,1
средствах,1
дабы,1
проекты,1
закрытием,1
рупов,1
нету,1
военной,1
фмашиностроения,1
попаду,1
аддитивные,1
прво,1
главные,1
критерий,1
бюждет,1
андроид,1
приложений,1
пересдачь,1
тупит,1
деняг,1
приплыли,1
мальчиков,1
ргунг,1
водил,1
распределенная,1
тепловая,1
энергетика,1
архитектурой,1
родом,1
латинской,1
америки,1
отвечать,1
ехидством,1
итнаправления,1
перезачета,1
некоторых,1
дисциплин,1
заканчиваешь,1
социалка,1
оригинал,1
отчисляешься,1
плохое,1
отношение,1
гетеросексуалам,1
инвентор,1
стырить,1
пабт,1
статика,1
кинематика,1
выхода,1
процесса,1
слову,1
вчерашнем,1
преподше,1
внутренние,1
посидеть,1
университетским,1
компом,1
мальчики,1
машиной,1
тверской,1
ехать,1
домой,1
мая,1
парковая,1
спят,1
сказал,1
понятное,1
способы,1
экзаменовзачетов,1
побыстрому,1
подкатывает,1
историей,1
одному,1
здравствуйтене,1
мехатронике,1
робототехнике,1
совет,1
направлением,1
game,1
dev,1
бархатной,1
графам,1
передач,1
девочкин,1
ов,1
администрирование,1
хуснутдинову,1
восстановлении,1
лояльна,1
тв,1
нестандартного,1
скажем,1
схеме,1
технике,1
конспектом,1
белинскому,1
разделение,1
поэзии,1
роды,1
виды,1
легально,1
перевестисьбез,1
русанов,1
оа,1
зачетае,1
здать,1
блокируют,1
специально,1
спалили,1
своего,1
одногруппника,1
рассказали,1
списывал,1
микронаушником,1
испытали,1
бабушка,1
благодарит,1
находитесь,1
магистранты,1
защита,1
магистрантам,1
довольны,1
рукописный,1
стихи,1
улица,1
аптека,1
бедный,1
замученный,1
однажды,1
сбежит,1
исхода,1
бланишь,1
учительницы,1
возникли,1
учеников,1
спросила,1
мальчик,1
инвалидов,1
повлиять,1
бюджетную,1
толкнуть,1
журнал,1
спздил,1
старосты,1
неуважительной,1
жесткие,1
требовательные,1
осеннего,1
трудоустроен,1
академапо,1
мед,1
последние,1
каждому,1
занимаясь,1
самостоятельно,1
друга,1
нехватки,1
девочек,1
чтоэ,1
знаеткогда,1
выплачивать,1
платниковматериальная,1
гетеросексуальные,1
айтишники,1
миф,1
поведайте,1
гонять,1
защитить,1
продать,1
душу,1
обмен,1
высокие,1
внутренней,1
занимался,1
гидравлическими,1
расчтами,1
вентиляционных,1
решток,1
приложить,1
рычагу,1
рештки,1
рештка,1
смогла,1
открытьсязакрыться,1
разряжении,1
воздуха,1
вентиляционном,1
канале,1
мпа,1
найду,1
секрет,1
копирки,1
киоск,1
закутке,1
помните,1
торговали,1
старостами,1
сдам,1
проф,1
советы,1
обходные,1
заочки,1
комплексные,1
технологические,1
компенсации,1
расходов,1
постоянного,1
жительства,1
месту,1
опаздывают,1
скуфы,1
читают,1
возрастам,1
автоматом,1
олимпиадником,1
доцентытроечники,1
вести,1
взяток,1
кумовства,1
бутылкой,1
коньяка,1
посещаемости,1
преподавания,1
онегина,1
защищал,1
лабу,1
э,1
пустой,1
лист,1
строчка,1
грез,1
руке,1
ручка,1
тепла,1
твоего,1
закурю,1
сигарету,1
кашель,1
добьет,1
докурю,1
идиот,1
давал,1
обещание,1
зайду,1
портрет,1
посмотрю,1
молодость,1
вспомню,1
пойду,1
пресна,1
незряч,1
колено,1
бардак,1
суета,1
спокойная,1
музыка,1
спасает,1
сна,1
поплакав,1
глаза,1
прикрываю,1
призма,1
мою,1
озаряет,1
продолжать,1
методичку,1
оформления,1
перепоступления,1
иногородним,1
поступающим,1
китайцы,1
мотивам,1
вчерашнего,1
лежат,1
дурке,1
шизы,1
сопровождения,1
мозги,1
дженерики,1
главврачом,1
здоровй,1
менталкой,1
препаратов,1
рецепте,1
неправильного,1
лечения,1
госдурок,1
карете,1
скорой,1
помощи,1
импортных,1
лекарств,1
отечественные,1
лекарства,1
остается,1
бездумно,1
одобрения,1
правящей,1
семьи,1
крестьяне,1
шпаги,1
ложе,1
нетронутые,1
кюлоты,1
наглеют,1
марией,1
антуанеттой,1
людовик,1
xi,1
четвертинкой,1
наполовинку,1
инцеста,1
заграничных,1
романов,1
пропаганды,1
должна,1
подъюбника,1
казнной,1
земле,1
господ,1
аристократками,1
чистых,1
сердцем,1
ул,1
заключается,1
бляди,1
лифана,1
ебутся,1
молодые,1
киски,1
хуеют,1
аполлоном,1
половых,1
партнеров,1
инстаграмма,1
ламбе,1
гигачадами,1
ровесников,1
фаворскогографика,1
резервируют,1
столы,1
приходящих,1
обед,1
толстовках,1
бейджиками,1
символика,1
написаны,1
буквы,1
пересдавал,1
экономические,1
царьковой,1
планированию,1
научного,1
эксперимента,1
аэробика,1
рудяку,1
загрузить,1
хелпреально,1
пересдачеесли,1
незакрытый,1
долг,1
транспортом,1
тренажрку,1
сборку,1
дипломные,1
атмосфера,1
группах,1
увеличения,1
молодому,1
отлично,1
успевать,1
учить,1
собственному,1
желанию,1
несложно,1
графдизайн,1
весомая,1
неявки,1
света,1
знающих,1
обстановка,1
покидать,1
фоток,1
бывший,1
целевик,1
ракетостроительного,1
комплекса,1
спросите,1
делаю,1
подсматривали,1
замочную,1
скважину,1
войти,1
опаздываете,1
фдорова,1
льва,1
толстого,1
дискретоной,1
объективной,1
стыдный,1
поступок,1
колонку,1
flip,1
серого,1
цвета,1
студгородком,1
почте,1
составляют,1
завалили,1
принимали,1
рассматривал,1
тк,1
появилась,1
мск,1
стал,1
актуальным,1
прим,1
закончен,1
зачты,1
рабинович,1
ае,1
ии,1
счт,1
комментариях,1
mbti,1
типом,1
личности,1
ввпд,1
шахмат,1
жива,1
переведусь,1
финатлон,1
разницей,1
отказать,1
выдаче,1
боксу,1
англ,1
яз,1
морозова,1
юрьевна,1
айрбабамян,1
аветикович,1
бжд,1
потерять,1
интерес,1
людям,1
отталкивает,1
мелочь,1
худшее,1
депрессии,1
пдф,1
диаграмму,1
весить,1
турник,1
предварительно,1
сделав,1
отверстия,1
стене,1
крепления,1
пацаны,1
цпд,1
ждите,1
игнорируют,1
первая,1
аттестация,1
возможности,1
задолжность,1
ситауции,1
сижу,1
продолжить,1
учбу,1
часто,1
застревают,1
лифте,1
фразу,1
секса,1
беспилотная,1
эргономика,1
обстоит,1
мужской,1
сборной,1
офисным,1
приложениям,1
рофлите,1
уник,1
слабый,1
связанный,1
настройкой,1
devops,1
практиками,1
руку,1
набивать,1
отчислять,1
проваленного,1
предметаэкзамен,1
админ,1
некоторым,1
пояснить,1
хобби,1
которыми,1
проводите,1
автокультуры,1
график,1
внешней,1
необходимы,1
заявки,1
положены,1
беременным,1
студенткам,1
знающим,1
человеком,1
проконсультироваться,1
переводаперепоступлениякакогонибудь,1
блэк,1
метала,1
месте,1
перестать,1
привязываться,1
весеннего,1
переводом,1
моем,1
котором,1
подпишут,1
отчислитьпоэтому,1
гасит,1
закон,1
пункта,1
говорится,1
результатах,1
задачек,1
javascript,1
курсовые,1
задолженностями,1
договора,1
вступить,1
профсоюз,1
ребятаскажите,1
пожалуйстаа,1
исправлять,1
соседнем,1
блоке,1
плотник,1
шумит,1
храпит,1
орет,1
телек,1
мощь,1
врубает,1
смущает,1
ситуации,1
выходных,1
предложите,1
идею,1
ленивого,1
падаться,1
эпицентре,1
научной,1
будучи,1
студентом,1
корпоративных,1
столовую,1
янао,1
уступки,1
лице,1
боле,1
легкой,1
академической,1
разницы,1
общетехнический,1
ответьте,1
серьезно,1
слишком,1
большого,1
прогулов,1
заставил,1
объяснительную,1
ректору,1
листал,1
мемесы,1
технолайз,1
детмашем,1
фотополимерный,1
принтер,1
машине,1
вблизи,1
графикам,1
матанализа,1
якубовский,1
сетевого,1
вещания,1
зачетыэкзамены,1
бывает,1
сальников,1
прочности,1
механика,1
манипуляторы,1
переработке,1
загружают,1
учбе,1
itнаправления,1
повторной,1
вездеход,1
спортом,1
ушел,1
медицине,1
мусульманкам,1
совершаете,1
намаз,1
компьютерные,1
науки,1
бауманки,1
связанное,1
посмотрел,1
ивтвебпрограммирование,1
являюсь,1
фронтендером,1
весенний,1
посещаемость,1
задротство,1
прочего,1
нравятся,1
наличии,1
посоветует,1
преддипломную,1
интересом,1
пользой,1
хороший,1
крутой,1
сериал,1
семейного,1
просмотра,1
установкой,1
пакета,1
adobe,1
мак,1
получается,1
достоин,1
внимания,1
вернуться,1
отказался,1
отклонили,1
примечании,1
написали,1
подается,1
календарный,1
первое,1
субботам,1
help,1
хой,1
появлялся,1
добра,1
начала,1
нового,1
хорнитеховцамостальным,1
соболезную,1
дизайну,1
полной,1
ставке,1
похожей,1
антиплагиату,1
получает,1
михаил,1
полудня,1
интересующие,1
манаенков,1
владимирович,1
расскажи,1
тренажерку,1
несколькими,1
постами,1
ниже,1
интересам,1
евровидением,1
любит,1
социофобы,1
чвякина,1
мужские,1
трусы,1
туалетом,1
обсудить,1
некоторые,1
рсо,1
вторыхтретьих,1
графдизайнаграфики,1
всеми,1
шрифтами,1
тайп,1
тесту,1
хорошая,1
коллеги,1
учитываются,1
рекомендация,1
инженераконструктора,1
волейболом,1
похожи,1
курсовому,1
хтиб,1
курсах,1
биотехногия,1
выбрал,1
сторону,1
агробиотехнологии,1
индивидуальный,1
графикчтобы,1
шахматами,1
вселенной,1
bubble,1
частности,1
майор,1
гром,1
уранхайдар,1
баллар,1
дуо,1
тяжелых,1
скушать,1
вкусную,1
шаурму,1
valorant,1
допускается,1
кинн,1
переселить,1
задолженностью,1
иформационные,1
оплата,1
семестрам,1
вся,1
стоимость,1
единоразово,1
влюбился,1
перспективнее,1
фдора,1
каково,1
портфолио,1
нейронных,1
повешенной,1
пересдаешь,1
отличием,1
преподом,1
глазу,1
глаз,1
недобрый,1
пытался,1
выбору,1
студентызаочники,1
разрешено,1
шрифты,1
гротеск,1
антиква,1
участвует,1
отборе,1
месяце,1
заканчивается,1
кураторы,1
меняются,1
змазневу,1
олесю,1
анатольевну,1
нефедов,1
надеюсь,1
гражданство,1
рф,1
первокурсник,1
весенние,1
экзаменационный,1
просмотр,1
бариновой,1
команды,1
литрболу,1
автомата,1
азаматовойистория,1
старшаки,1
норина,1
рудяка,1
ведут,1
сдали,1
сложность,1
рассрочка,1
данному,1
вопросу,1
созрел,1
начерту,1
играющих,1
genshin,1
impact,1
дурак,1
указать,1
прикрепить,1
никаких,1
незачетами,1
которое,1
получилось,1
поликековцы,1
задаюсь,1
информационную,1
преподает,1
сидоров,1
г,1
алгебры,1
дифференциальное,1
исчисление,1
александровича,1
преддипломная,1
исите,1
волкова,1
прыгиной,1
отчиститься,1
создания,1
фигурок,1
публикуются,1
вакантными,1
азаматова,1
гульназ,1
булатовна,1
карпова,1
максимова,1
свободных,1
петросяна,1
клейменовой,1
следгод,1
выдачу,1
ларавел,1
контакты,1
фаблабе,1
ответственными,1
зайченко,1
лично,1
столкнуться,1
тройкойтройками,1
поздышева,1
виталия,1
сергеевича,1
пушкиной,1
виктории,1
сергеевны,1
улсловия,1
велся,1
ведомости,1
экзаменазачета,1
собственно,1
комиссия,1
восстановлению,1
поликунам,1
политянкам,1
brawl,1
stars,1
богданов,1
мр,1
неявка,1
отчисляется,1
хуже,1
недогарок,1
эксплуатация,1
защищенных,1
л,1
поделитесь,1
ограниченное,1
скиньте,1
проводит,1
годунов,1
евгений,1
борисович,1
стоить,1
смешанном,1
наступившим,1
новым,1
годом,1
раджабов,1
красин,1
смотрят,1
приеме,1
готовых,1
рагозина,1
юн,1
смерти,1
позднякова,1
менеджмент,1
шмелев,1
фю,1
куприянова,1
мустафаевич,1
головко,1
лобанова,1
юлия,1
получаешь,1
льготная,1
слетает,1
хай,1
теоретической,1
механикой,1
окончившие,1
удалял,1
файлы,1
сколлекционировать,1
общаком,1
недосдано,1
пустые,1
клетки,1
заполнят,1
называют,1
фитоняшку,1
парня,1
vue,1
записан,1
возможен,1
c,1
электростатике,1
увлеченияхобби,1
слушайте,1
теми,1
влюблн,1
преподавателейс,1
флиртуют,1
сдают,1
отрабатывать,1
часы,1
зачтыэкзамены,1
принципу,1
получают,1
отчислений,1
думаетепри,1
устройстве,1
работодатель,1
смотрит,1
топовый,1
получением,1
пропуски,1
считаться,1
классе,1
профильную,1
графикуграф,1
строить,1
itшникам,1
глущенко,1
шурыгинаслышала,1
посещения,1
активностями,1
thingworx,1
наушник,1
airpods,1
туалеты,1
очнозаочная,1
экзы,1
потеряна,1
связка,1
ключей,1
общажной,1
нашедшему,1
просьба,1
откликнуться,1
иили,1
хотябы,1
охрана,1
передается,1
курсач,1
центральную,1
станцию,1
белов,1
энергетическим,1
установкам,1
автомобиля,1
трактора,1
деревьямне,1
само,1
собой,1
определиться,1
печатную,1
нашла,1
девочку,1
гриффендора,1
обладающие,1
магией,1
призыва,1
туалетного,1
папируса,1
триз,1
требует,1
обучалисьобучаются,1
программам,1
натур,1
пухова,1
проектированию,1
пользовательского,1
интерфейса,1
пдне,1
прыгина,1
одинокие,1
души,1
негде,1
праздновать,1
нг,1
организуем,1
чтонибудь,1
начерт,1
дискорду,1
доставать,1
хорошого,1
ускоренного,1
лабой,1
одобрить,1
приложены,1
никакие,1
чрные,1
marshall,1
major,1
bluetooth,1
графикидизайна,1
поживаете,1
нагрузкой,1
финансовых,1
трудностей,1
семье,1
раздевалке,1
фазлулина,1
утром,1
подик,1
начертательной,1
бершь,1
любые,1
личного,1
характера,1
принимаются,1
обычный,1
чеховской,1
оксаны,1
евгеньевны,1
всеобщей,1
вторник,1
равно,1
физруком,1
fusion,1
впечатлениях,1
хорошем,1
встречать,1
общежитиенапример,1
всеобщая,1
часовзачет,1
частям,1
хомяковой,1
наталии,1
вячеславовны,1
синие,1
кожаные,1
горячо,1
любимый,1
состояние,1
компьютеров,1
прянишниковой,1
номер,1
питон,1
учившиеся,1
шишанина,1
потерялся,1
айпад,1
зелный,1
чехле,1
стикерами,1
стилусом,1
бильярдному,1
спорту,1
работыответы,1
инфобеза,1
arduino,1
avr,1
atmel,1
studio,1
смене,1
коридорного,1
ло,1
блочного,1
кольцо,1
ауд,1
овечкис,1
натанович,1
технические,1
визуализации,1
изменить,1
студаке,1
сборная,1
шахматам,1
поклонники,1
замечательной,1
игры,1
mindustry,1
сборки,1
бережливому,1
производству,1
скидку,1
работаешь,1
кафедре,1
деканате,1
любят,1
нефоров,1
пжл,1
переезжать,1
мафии,1
меху,1
шахматы,1
приказ,1
знаетчто,1
учбой,1
декабря,1
микропроцессорная,1
палагуте,1
зарядку,1
xiaomi,1
пропал,1
старый,1
задолженность,1
исключают,1
повеситься,1
ужк,1
выпустившихся,1
почти,1
журфаке,1
очникам,1
адресован,1
устройством,1
работусвободное,1
съедать,1
вебразработка,1
политеховцам,1
деканат,1
профорганизации,1
весело,1
wifi,1
хорош,1
бакалаврам,1
больших,1
модно,1
знающие,1
снимали,1
переоформил,1
социальную,1
карточка,1
прочее,1
сохраняется,1
конюхова,1
ю,1
ответа,1
круто,1
презентацию,1
пример,1
денис,1
конченко,1
ночью,1
приснился,1
твоим,1
участием,1
нем,1
оскорбил,1
неприятный,1
осадок,1
извиниться,1
карты,1
степуха,1
ктотучится,1
задают,1
преддипломной,1
полагаются,1
многодетность,1
сменить,1
английскомуобщетехнический,1
подготовку,1
полиграф,1
искусство,1
перевести,1
хорошую,1
ментальным,1
состоянием,1
ребяткто,1
объясните,1
пожалуйстакуда,1
аллергией,1
весну,1
освобождение,1
обострения,1
переводились,1
академические,1
беспроводные,1
чрным,1
кейсом,1
биотехнологи,1
редин,1
киргизии,1
настало,1
изучать,1
французский,1
благодаря,1
сможете,1
необъятной,1
удивить,1
половинку,1
увеличить,1
настоящим,1
полиглотом,1
хорошего,1
вкусные,1
тараканы,1
mobile,1
legends,1
bb,1
компанию,1
пампдерт,1
погода,1
холодная,1
сухая,1
катать,1
катаны,1
мтбвмх,1
русскомупрофильной,1
матешеинфе,1
аналитической,1
модель,1
autocad,1
нати,1
уж,1
скачать,1
эир,1
аналог,1
dbd,1
играют,1
бесплатную,1
платформу,1
публикации,1
статьи,1
везде,1
платно,1
культ,1
антохи,1
мс,1
внутренним,1
усы,1
автоматизированного,1
проектирования,1
понедельникам,1
находиться,1
сапре,1
тщи,1
отозваться,1
начерталкой,1
денек,1
пройдены,1
файлом,1
маги,1
вкратце,1
психологу,1
выбил,1
сэнди,1
исита,1
саможертвоприношения,1
зарегался,1
турнир,1
футзалу,1
поучаствовать,1
выполнением,1
razer,1
abyssus,1
essential,1
установочный,1
inventor,1
вн,1
зарядка,1
макбука,1
typec,1
обычная,1
магнитике,1
оформлять,1
подписчиковили,1
ваших,1
знакомых,1
стажировкуработу,1
центр,1
карьеры,1
баулину,1
маша,1
кельтова,1
легенда,1
художественных,1
сбитая,1
хрень,1
знакомые,1
репетиторы,1
подготовят,1
дизайнукомпозиция,1
вашему,1
мнению,1
медицинским,1
оставался,1
другому,1
преподавателю,1
тому,1
очнозаочной,1
ноута,1
используя,1
толькл,1
стационарник,1
переводник,1
секцию,1
игрика,1
мобильных,1
устройств,1
очные,1
семинары,1
рогожкина,1
синий,1
световой,1
меч,1
ноябре,1
нр,1
музло,1
флке,1
хорошее,1
министудии,1
бедному,1
кинет,1
любимому,1
треку,1
комменты,1
na,1
анекдот,1
супер,1
рейнджеры,1
обратную,1
сонин,1
андрей,1
анатольевич,1
чрную,1
фуражку,1
цепочкой,1
пирожков,1
художники,1
плужниковой,1
привеееет,1
ивантеевки,1
выксы,1
джунковского,1
начался,1
почерк,1
мелкий,1
тетради,1
порекомендуете,1
семинаров,1
норды,1
работаю,1
причин,1
подтвердить,1
документально,1
простой,1
способ,1
максимове,1
пв,1
называемые,1
гофман,1
tflex,1
крымчан,1
электронных,1
коем,1
поддерживаю,1
флешмоб,1
башкиры,1
гидравлике,1
ребятушки,1
автовладельцы,1
паркуетесь,1
фазлулине,1
энвере,1
мунировиче,1
электронику,1
позавчера,1
вечером,1
около,1
прописана,1
поселиться,1
аккредитации,1
лишимся,1
свете,1
проверок,1
неполадок,1
интернетом,1
доказательств,1
вв,1
пить,1
физкультуреесли,1
хватило,1
увлекающиеся,1
литрпг,1
умеющие,1
басу,1
отряда,1
сокола,1
даня,1
семместр,1
теорией,1
вероятности,1
важным,1
относятся,1
натуралам,1
анонимных,1
алкоголиков,1
масштабная,1
вечеринка,1
начало,1
ждт,1
легендарное,1
гостям,1
костюмах,1
приятный,1
столика,1
увидеть,1
тусовку,1
ладони,1
насладиться,1
невероятным,1
видом,1
сцену,1
очереди,1
отдельный,1
этаж,1
официантами,1
дымными,1
коктейлями,1
алкоголем,1
можешь,1
абсолютно,1
ссылке,1
зарегистрировать,1
ищут,1
армян,1
бурят,1
татар,1
высшей,1
овз,1
записаны,1
дартсу,1
нужны,1
зачта,1
чирич,1
бар,1
небар,1
пятницкой,1
сыграть,1
игру,1
готовься,1
испытать,1
ужас,1
духе,1
легендарной,1
пилы,1
приходи,1
образе,1
получишь,1
бесплатный,1
лонгайленд,1
наказывай,1
стол,1
httpsmoscownebarruafishahalloween,1
оперов,1
болгар,1
совершить,1
молитву,1
батталов,1
стратхольма,1
забыл,1
завести,1
микроконтроллеров,1
стирал,1
вещи,1
эльфов,1
орков,1
старосту,1
коменды,1
vkcompomogashkinvdeleгорят,1
колледже,1
поликек,1
сдав,1
миллиарды,1
назад,1
какаята,1
рыбка,1
вышла,1
моря,1
поверхность,1
масштабное,1
событие,1
date,1
x,1
ми,1
метровая,1
mode,1
muertos,1
твоя,1
страшная,1
молчать,1
location,1
ленинградский,1
просп,1
корп,1
метро,1
сокол,1
столов,1
info,1
httpsvkcomlisharkova,1
алгеброй,1
поиграть,1
майнкрафт,1
модами,1
rlcraft,1
компьютерная,1
лингвистика,1
искусственный,1
интеллект,1
кгото,1
всей,1
поздняковым,1
одолжить,1
контроллер,1
вывода,1
формул,1
погрешности,1
гитара,1
армянская,1
команда,1
vkcompomogashkinvdeleпомогашкина,1
наверное,1
исправить,1
недоразумение,1
таких,1
помогают,1
другим,1
эффективно,1
справиться,1
траблами,1
очередной,1
придирчивый,1
берется,1
математикой,1
вычислительную,1
технику,1
счет,1
дополнительного,1
всевозможных,1
компашкагруппа,1
играющая,1
dd,1
павла,1
корчагина,1
компашку,1
берсерка,1
совсем,1
конченное,1
которому,1
дотация,1
приветкто,1
пушкаренко,1
ужин,1
освобождающую,1
ходишь,1
вне,1
мобильный,1
снегосплавной,1
пункт,1
проектировал,1
разрабатывал,1
механические,1
модели,1
universal,1
mechanism,1
успеваешь,1
волейболистам,1
тренируетесь,1
турниру,1
цикловых,1
гпс,1
simatic,1
s,1
алибеков,1
юсупович,1
пересдачекак,1
мультимедийная,1
энциклопедия,1
некий,1
шум,1
музыкальной,1
компанией,1
эко,1
экологическую,1
техносферная,1
проходило,1
собеседование,1
рабиновичу,1
сбера,1
крайние,1
меры,1
технологиями,1
методами,1
интеллектуальной,1
сушилки,1
распечатать,1
предметом,1
технлогии,1
выжившие,1
пытки,1
ковки,1
объмной,1
штамповки,1
разъяснить,1
расчтом,1
поковки,1
особо,1
тупоголовых,1
ура,1
работа,1
заработать,1
делясь,1
знаниями,1
свиньи,1
котырх,1
устраивает,1
убираться,1
компьютерном,1
отчеты,1
филонов,1
аи,1
преподавателя,1
избавиться,1
написав,1
коллективную,1
жалобу,1
сработает,1
турклуб,1
компаний,1
рейтинга,1
рбк,1
дисциплиной,1
изучаете,1
мечтаете,1
погрузиться,1
мир,1
освоить,1
множество,1
языков,1
разных,1
мобилизационный,1
машинами,1
ремонтируетесь,1
оказать,1
очнозаочники,1
найдитесь,1
понятия,1
кабинетом,1
потеряшки,1
частое,1
явление,1
баскетбол,1
сборную,1
преподавателях,1
подходят,1
занятии,1
патрика,1
бэйтмана,1
закинуть,1
набора,1
полиграфистов,1
теормех,1
подход,1
преподаванию,1
остальные,1
кореи,1
английскому,1
english,1
for,1
mechanical,1
engineering,1
доказать,1
спортзал,1
вместо,1
знакомстве,1
нужные,1
боксерские,1
очнозаочно,1
появился,1
отчисленный,1
отчислившийся,1
кружок,1
пианистов,1
нечто,1
подобное,1
ctschool,1
сетям,1
проверяют,1
водородный,1
поток,1
оформить,1
беспокоит,1
разнообразии,1
клубов,1
фанклуба,1
алексея,1
бабина,1
научить,1
решать,1
ргры,1
шт,1
небесплатно,1
масштабном,1
ежегодном,1
itсоревновании,1
лидеры,1
тысячи,1
талантливых,1
специалистов,1
создадут,1
сервисы,1
улучшения,1
горожан,1
ждет,1
всякий,1
случай,1
местах,1
крайне,1
модульным,1
сл,1
газетножурнальное,1
прошу,1
опубликовать,1
ищем,1
лгкой,1
атлетикой,1
тренер,1
платников,1
музыкальную,1
натягивали,1
приходится,1
какихлибо,1
подобные,1
тренажры,1
иване,1
вишневком,1
академическим,1
отпуском,1
танки,1
старкрафт,1
волейбольной,1
журина,1
отрываться,1
находить,1
горящей,1
думаешь,1
умеешь,1
инязыков,1
предоставляющие,1
пробное,1
марине,1
никому,1
инфх,1
интересным,1
спидкуберов,1
иванникова,1
является,1
причиной,1
занимается,1
мма,1
посвят,1
москвы,1
пройдт,1
ночном,1
диджеев,1
залов,1
абсолютной,1
атмосферой,1
огромный,1
акций,1
понравится,1
вход,1
депозита,1
предъявлении,1
билета,1
личные,1
vk,1
iddmitrymorozovv,1
tg,1
httpstmedmitrymorozovv,1
wa,1
wame,1
ссылка,1
httpsmoscowqticketseventsposvyashchenie,1
мертвая,1
душа,1
преимущественно,1
двигают,1
лабам,1
блэт,1
разбираются,1
строении,1
велосипедисты,1
зонтик,1
михалеовской,1
чрный,1
раскладной,1
взял,1
васильевича,1
лукьянова,1
ок,1
переехала,1
сообщение,1
мол,1
положительное,1
игра,1
свеч,1
знают,1
лучших,1
поменяться,1
передать,1
определенному,1
искусства,1
вафаворского,1
наземные,1
спрашивают,1
тайлера,1
дрдена,1
делающие,1
маникюр,1
инженерная,1
графиука,1
бюджета,1
пикулин,1
профессию,1
волейбол,1
заранее,1
веселые,1
девчонки,1
скромные,1
отсиживаться,1
знакомиться,1
сидеть,1
скучать,1
гулять,1
веселиться,1
подруг,1
отличных,1
парней,1
делает,1
ноготочки,1
дооооброго,1
нам,1
адаптиве,1
говорили,1
танцы,1
приходить,1
захочешь,1
подробная,1
тотемное,1
кормит,1
фанатов,1
клешки,1
полетать,1
настольный,1
теннис,1
весеннем,1
рупы,1
наибольшие,1
выложут,1
лгак,1
коричневый,1
шарф,1
обучается,1
гидравлика,1
гидропневмопривод,1
лекций,1
старшекурсники,1
меняли,1
закрывали,1
нашу,1
мамукуратора,1
весьма,1
неоднозначные,1
гурмэ,1
промышленный,1
книга,1
сьюзен,1
хинтон,1
изгои,1
продаю,1
купить,1
команду,1
бравл,1
старс,1
стратегическое,1
трудовыми,1
процессами,1
чата,1
техносферки,1
программах,1
работаем,1
сафроновой,1
са,1
малеев,1
руслан,1
алексеевич,1
поздравляю,1
началом,1
полон,1
энтузиазма,1
началась,1
очередного,1
понедельника,1
забывай,1
энтузиазм,1
заваливают,1
кучей,1
разным,1
неплохо,1
собираешься,1
крутым,1
спецом,1
достойной,1
зп,1
геройские,1
порывы,1
выучить,1
сменяются,1
выгоранием,1
закончилось,1
отменял,1
проводил,1
отчаянных,1
попытках,1
утрамбовать,1
распухшей,1
спец,1
экзамензачт,1
петруниной,1
ев,1
общежитиями,1
человеческими,1
ресурсами,1
открытое,1
приветесть,1
курсгруппа,1
приветкому,1
проектов,1
разговоры,1
важном,1
бакалавриата,1
футбол,1
студентыграфики,1
магистрам,1
подразумевается,1
александр,1
сергеевич,1
переводам,1
инсайды,1
фул,1
itсфера,1
самых,1
высокооплачиваемых,1
сложное,1
захочется,1
kotlin,1
интереснее,1
разобраться,1
тммзачт,1
людьми,1
комитех,1
погнали,1
ксочку,1
вопросик,1
здраствуйте,1
duracell,1
переработка,1
перевелась,1
потока,1
вечерки,1
pr,1
летнюю,1
корпусам,1
ответите,1
баскетбольного,1
зала,1
жэс,1
семаке,1
автосервиса,1
беседачат,1
многофункциональные,1
доступно,1
силы,1
data,1
science,1
очнозаочников,1
посвята,1
опция,1
повышенным,1
комфортом,1
срокам,1
обладает,1
переселят,1
магистрантов,1
заочная,1
долгами,1
выпускникам,1
иллюстрации,1
трудоустройством,1
запоздал,1
тредом,1
походу,1
продолжается,1
безумно,1
люблюобожаю,1
лшу,1
сидоренко,1
учимся,1
полсе,1
платить,1
спортзалкачалка,1
качалкой,1
компания,1
походить,1
открыт,1
долгожданный,1
профессионалы,1
международными,1
дипломами,1
бесплатное,1
каждую,1
посещая,1
наши,1
разговаривать,1
английском,1
дешевле,1
спортивного,1
де,1
считаете,1
появляются,1
признаваться,1
признайтесь,1
хороша,1
результат,1
металлические,1
конструкции,1
бакалавриатов,1
конечно,1
поднимался,1
спрошу,1
изменению,1
условий,1
тимке,1
потеряв,1
музыку,1
надор,1
чаты,1
тп,1
профессии,1
sqlразработчика,1
аналитика,1
текто,1
соседок,1
ая,1
желающие,1
втроем,1
холодильная,1
криогенная,1
жизнеобеспечения,1
глушилки,1
лучшая,1
жопа,1
однокомнатного,1
блока,1
коек,1
двухярусные,1
кровати,1
пришлите,1
санузла,1
однокомнатный,1
блок,1
проживающиеживущие,1
ранее,1
зочке,1
откликнитесь,1
отвезти,1
напр,1
днд,1
переход,1
регулярно,1
захожу,1
спрашивал,1
продавец,1
естьадрес,1
небольшое,1
описание,1
поселили,1
заселился,1
отчислится,1
дана,1
клюева,1
очников,1
квартиры,1
переводы,1
положительном,1
решении,1
окажусь,1
пажилых,1
танкистов,1
тобиш,1
игроков,1
wot,1
танков,1
фотки,1
покинуть,1
предыдущих,1
выбирают,1
определнную,1
друзьям,1
силбно,1
перезачесть,1
пройденные,1
перепоступил,1
дисциплина,1
нечеткое,1
моделирование,1
жсткая,1
платежа,1
больницы,1
живу,1
ажиотаж,1
офлайн,1
выхожу,1
выучился,1
сложноли,1
политехнический,1
кв,1
какуюнибудь,1
резы,1
восстановления,1
общежитиедолго,1
автозаводского,1
кожновенерологического,1
диспансера,1
дерматолога,1
пробовал,1
числиться,1
вакантные,1
переводящихся,1
восстанавливающихся,1
меняющих,1
одни,1
запихивают,1
ку,1
августе,1
учебноэкзаменационная,1
тетрадей,1
усмотрение,1
парсинг,1
какоето,1
бывают,1
заседания,1
давалось,1
кататься,1
создана,1
новость,1
оф,1
смутила,1
фраза,1
зачисленный,1
позднее,1
момента,1
разделе,1
cведения,1
обязан,1
следующие,1
медицинские,1
предоставлять,1
раздел,1
подскажете,1
учебному,1
переселиться,1
рамках,1
заочно,1
примерные,1
теплотехнике,1
теплоэнергетике,1
первак,1
обязательно,1
активисты,1
активистов,1
пропустила,1
консультацию,1
понедельник,1
наслышана,1
подаче,1
доков,1
добавляют,1
задавать,1
техносферку,1
инспекционная,1
труда,1
никуда,1
добавили,1
создан,1
инфорционные,1
девочки,1
свободным,1
местом,1
иных,1
документах,1
поставят,1
какаято,1
одногруппников,1
факультетам,1
средств,1
выше,1
зачисления,1
нахожусь,1
замешательстве,1
общая,1
прошлогоднее,1
биотех,1
адресу,1
зачислениикогда,1
происходить,1
регистрация,1
студентаа,1
абитуриента,1
интереса,1
пцртест,1
приветне,1
тусуются,1
слабая,1
профильных,1
предметах,1
менее,1
важных,1
внешнему,1
средний,1
составляет,1
ребятакто,1
журфак,1
понимать,1
синтаксиса,1
разрабатывать,1
многопоточные,1
приложения,1
восстанавливается,1
осенний,1
рассмотрены,1
находятся,1
неподалку,1
инф,1
прошли,1
поступили,1
научные,1
периодически,1
предлагают,1
группыбеседы,1
поступившие,1
клопами,1
тараканами,1
сап,1
упаковочные,1
литре,1
рисунок,1
золотая,1
чемпионата,1
футболу,1
отвагу,1
инвалидность,1
степени,1
массовый,1
вопроса,1
господамы,1
знаний,1
физики,1
мечтал,1
успешную,1
финансах,1
факультетом,1
почитав,1
переводят,1
большими,1
открытыми,1
данными,1
обе,1
сферы,1
думает,1
поздравляем,1
окончили,1
получили,1
степень,1
бульбазавра,1
бакалавра,1
комисси,1
звонб,1
трубку,1
месенджерах,1
нормальная,1
техносферной,1
информационный,1
поближе,1
переехал,1
повлияет,1
аудиторий,1
специализированные,1
потребности,1
заселять,1
высокими,1
руководителе,1
возникших,1
изменениях,1
руководство,1
прежним,1
энергетичечкое,1
узнала,1
выходе,1
итак,1
стопам,1
отца,1
мечта,1
детства,1
голова,1
позволяет,1
повестке,1
миит,1
мгсу,1
начиталась,1
плохих,1
табитуриенте,1
рискнуть,1
мгсутам,1
сверху,1
маловато,1
немалой,1
вероятностью,1
оказаться,1
пгс,1
изучают,1
программы,1
отпишите,1
ту,1
проживаешь,1
любую,1
стиралки,1
платные,1
испытанияприкладная,1
русскиймб,1
селиться,1
выпускаются,1
армией,1
работали,1
совмещали,1
учебой,1
труднее,1
квартирного,1
рассчитывать,1
высоко,1
бальники,1
займут,1
условии,1
меняю,1
специализацию,1
рили,1
подготовиться,1
фактически,1
занимались,1
увидел,1
льготников,1
мое,1
подачи,1
согласия,1
оригинала,1
итогу,1
денутся,1
лень,1
темы,1
ом,1
живущих,1
яхте,1
организацией,1
недалко,1
корпусов,1
стиралками,1
ремонтом,1
примерное,1
целевикам,1
лгкая,1
потоке,1
покушать,1
оформляется,1
исключительно,1
ктониубдь,1
дистанционном,1
проживают,1
идущие,1
транспортном,1
промышленном,1
целевое,1
оцениваете,1
ждем,1
ингосстрах,1
открывает,1
оплачиваемую,1
гибким,1
графиком,1
развития,1
сотрудников,1
мосполитеха,1
httpsvkcccfhd,1
киберфизических,1
переходит,1
третий,1
теряя,1
крутую,1
прокачать,1
hard,1
максимуму,1
котируются,1
ит,1
vr,1
ис,1
умных,1
пространств,1
нагружают,1
студ,1
отряды,1
учитсякак,1
интеграцию,1
рандомно,1
кидают,1
куданибудь,1
списка,1
написанные,1
сети,1
ноздрачев,1
щас,1
хз,1
зима,1
якубовского,1
понадобятся,1
московским,1
болееменее,1
связанные,1
фулстек,1
разработкой,1
мо,1
отклонил,1
политехдругие,1
косыгина,1
рязани,1
ювелирном,1
информаций,1
впечатлениями,1
автономные,1
управляющие,1
используются,1
против,1
рассказатьчто,1
каккак,1
здание,1
извините,1
оплачивается,1
новогодних,1
праздников,1
авиаперелт,1
издалека,1
компенсируют,1
определнным,1
категориям,1
минимальный,1
общественным,1
наукам,1
прокторинга,1
потенциальный,1
техническими,1
типу,1
доброй,1
ночи,1
ходатайство,1
специальностей,1
технологииас,1
характеристиками,1
ноутбук,1
договорной,1
выходным,1
государственное,1
муниципальное,1
возник,1
перешел,1
студак,1
продлен,1
продлить,1
отличия,1
вебразработке,1
подачу,1
апелляции,1
выгодно,1
приоритет,1
запасной,1
мади,1
станкин,1
перевлся,1
смешанной,1
специальной,1
планируют,1
ист,1
связано,1
прошлогодние,1
зачислениях,1
фотографии,1
мужикирасскажите,1
обучениюпо,1
оборудованию,1
столкнулся,1
проблемой,1
честно,1
задолбало,1
некому,1
высказаться,1
напишу,1
попробую,1
описать,1
ситуацию,1
травили,1
профсоюзной,1
доступной,1
средой,1
колясочник,1
прокатится,1
аудиториям,1
лифт,1
дипломы,1
интересующего,1
оборону,1
севастополя,1
прислали,1
предложку,1
меняем,1
аву,1
вздохнуть,1
выдохнуть,1
четыре,1
камеры,1
просматривается,1
входе,1
обнюхивают,1
наличие,1
запаха,1
алкоголя,1
обыскивают,1
сумки,1
зайти,1
стука,1
нарушения,1
студентами,1
матом,1
выражаться,1
живем,1
тюрьме,1
графдизайна,1
высотных,1
большепролетных,1
интересного,1
комнатах,1
холодильники,1
проблемная,1
конкурсная,1
отрицательных,1
сего,1
заведения,1
сравнительно,1
низкий,1
вебразработку,1
культурнотворческой,1
перехода,1
демотест,1
образец,1
экзаменационных,1
нуля,1
начинает,1
преподаваться,1
иметь,1
базу,1
помнит,1
образцы,1
новое,1
казалось,1
удалась,1
инфобезе,1
бизнесинфе,1
вывалился,1
смело,1
забить,1
альтернативные,1
прохода,1
операция,1
оплаты,1
компаниях,1
работаете,1
спустя,1
выплата,1
дотации,1
биг,1
прав,1
копылов,1
табитуриент,1
засирают,1
нехило,1
оч,1
имею,1
уверен,1
проги,1
миссисом,1
чутка,1
скажете,1
льготы,1
жителям,1
выбор,1
именновсе,1
такими,1
мэи,1
дневное,1
необходимо,1
простые,1
заканчиваете,1
горами,1
прогера,1
эор,1
интеллектуальные,1
отчисленииесли,1
выселение,1
общежитиянужно,1
комендантам,1
отдают,1
документыаттестат,1
итп,1
залететь,1
переходе,1
остатся,1
волонтрская,1
книжкана,1
суть,1
понравилось,1
мгиу,1
преобразовался,1
повышения,1
должности,1
отправил,1
запрос,1
подтверждении,1
зарегистрировали,1
мосполитехе,1
начали,1
обрабатывать,1
днях,1
почтовый,1
регистрации,1
плюс,1
дойдет,1
почта,1
отправили,1
колцентре,1
плечами,1
законы,1
набрал,1
эге,1
недопуск,1
октябре,1
душевых,1
шторки,1
будьте,1
добры,1
сферу,1
решила,1
рассмотреть,1
куу,1
дополненной,1
виртуальной,1
троих,1
услышать,1
преподавательским,1
составом,1
самой,1
ребяту,1
линалу,1
ткм,1
приветт,1
простое,1
инженерное,1
сложности,1
преподавательского,1
состава,1
алгебре,1
векторной,1
еникеева,1
право,1
роп,1
инженерным,1
сложные,1
инноватика,1
адитивные,1
завтра,1
термех,1
носите,1
топы,1
шорты,1
прочие,1
иностранный,1
июне,1
последняя,1
билетов,1
тc,1
денчка,1
республики,1
башкортостан,1
художественное,1
биотехнологию,1
кириличев,1
бв,1
ктокто,1
исследование,1
бренда,1
москвич,1
рода,1
связаны,1
карьера,1
безотходные,1
производственные,1
ставится,1
левитирующий,1
подвес,1
высокотемпературных,1
сверхпроводников,1
фаворского,1
ниу,1
писала,1
имейлуказанный,1
ответиличто,1
задолженностей,1
пересчте,1
предметовну,1
товарищикто,1
месяцатакой,1
обозначиликак,1
учебникам,1
изучается,1
плюсах,1
минусах,1
сложна,1
уровень,1
целью,1
информатике,1
толк,1
издательском,1
данное,1
рыбинска,1
появились,1
испытаний,1
годну,1
лоншаков,1
органическая,1
незачтовчтобы,1
кикнули,1
интенсивно,1
выходит,1
вебы,1
учитесь,1
молодежных,1
древних,1
xp,1
бывшиетекущие,1
орловеангл,1
особой,1
нм,1
подводные,1
камни,1
когдато,1
уделяют,1
софтупроге,1
конструирования,1
бро,1
восстанавливаться,1
принимал,1
здании,1
присутствовать,1
учитывается,1
защиту,1
расчте,1
соотношение,1
рисования,1
вел,1
артыков,1
hello,1
an,1
th,1
grader,1
from,1
turkey,1
thinking,1
studying,1
software,1
computer,1
gaming,1
industry,1
moscow,1
polytechnic,1
curious,1
employment,1
and,1
quality,1
of,1
education,1
can,1
you,1
give,1
some,1
information,1
these,1
two,1
topics,1
политехно,1
вряд,1
пройду,1
инофбез,1
сориентируйте,1
выполненные,1
академическая,1
ведомость,1
успеваю,1
отлетаю,1
верите,1
счастливые,1
платнику,1
мехатроника,1
строительный,1
поинтересоваться,1
интегрированные,1
брендкоммуникации,1
бизнеспроцессами,1
денег,1
оценить,1
прошла,1
учтут,1
достижение,1
сомнения,1
исходя,1
правильно,1
пользоваться,1
шпаргалками,1
бумажных,1
носителях,1
однако,1
смутился,1
современные,1
море,1
высокий,1
невысокие,1
проходные,1
всякое,1
заведении,1
поэтому,1
благодарен,1
отпишется,1
директ,1
ответит,1
расскажет,1
жертвуя,1
походом,1
армию,1
редактирования,1
появляться,1
биотехнология,1
седьмая,1
дисциплинарке,1
удлинители,1
обучениефакультет,1
аттестат,1
несдашь,1
морально,1
подскажет,1
закончить,1
наш,1
примную,1
комиссию,1
евсеев,1
галушкина,1
подат,1
сигналы,1
фонариком,1
искусственного,1
интеллекта,1
салюткто,1
инжграфикой,1
рисо,1
информационным,1
медиаанализа,1
гасанбеков,1
курбанович,1
экономическому,1
вторника,1
авдонин,1
дедехиной,1
адекватный,1
прайс,1
одногруппницей,1
поменятьпоменяться,1
учитывают,1
подсчете,1
личных,1
хорошими,1
оценками,1
повышает,1
поделится,1
программистом,1
очную,1
третьем,1
посоветовали,1
умный,1
синонимайзер,1
написал,1
сервис,1
перефразировал,1
проверил,1
уникальность,1
гачи,1
прийти,1
друзей,1
пробать,1
экзамену,1
химии,1
бав,1
котыховой,1
откуда,1
ждали,1
завалил,1
валентина,1
николаевна,1
дистантом,1
водой,1
выходят,1
текстхочу,1
выпустить,1
книгу,1
бизнеспроцессамименеджменткак,1
преподают,1
валят,1
webinar,1
падает,1
допуск,1
сессиито,1
шандров,1
борис,1
васильевич,1
типису,1
ый,1
кальяном,1
погашения,1
судимости,1
программные,1
египетский,1
незапарный,1
гуманитарнохудожественному,1
личке,1
студентамбюджетникам,1
поступали,1
шортах,1
приходил,1
общежитиям,1
тмм,1
сошел,1
ума,1
автоматчто,1
выселяют,1
степанова,1
вячеславовна,1
математическому,1
сапромат,1
руковицына,1
ильи,1
геннадьевича,1
технологическим,1
маршрутом,1
балашову,1
андреевой,1
ольги,1
владимировны,1
пытается,1
вытянуть,1
ноздрина,1
петров,1
кириллович,1
ходя,1
первые,1
уровнем,1
большую,1
дисциплинах,1
другуювнутри,1
профессионально,1
разбирающиеся,1
физкультуретеннис,1
александрова,1
га,1
непрофильным,1
бакалавр,1
соцкарту,1
сопроматом,1
довольно,1
физфаке,1
мгу,1
ушл,1
дослуживаю,1
арми,1
задумываюсь,1
лихвой,1
волнуюсь,1
часам,1
лого,1
пнг,1
шарили,1
матану,1
спецгруппы,1
александра,1
заваливает,1
дизайнеры,1
открытьпрочитатьперегнать,1
сраный,1
wire,1
сделан,1
alias,1
мерзкая,1
сохранить,1
step,1
музычка,1
рггу,1
пожет,1
вебтехнологиям,1
посещяя,1
делаяя,1
риск,1
сесть,1
креслокаталку,1
болезни,1
инвалидам,1
колясочникам,1
отключают,1
горячую,1
воду,1
чуть,1
теплая,1
др,1
указывали,1
любому,1
закрытии,1
четверку,1
висят,1
поменялось,1
строительное,1
металлоконструкциям,1
переходить,1
переведут,1
опять,1
смотреть,1
уточнить,1